类型,英文名,中文名称或说明,日文正式名,业务简介,官网,资料状态,图片类型,图片状态,资料依据,未确认项
本公司,ACROBiosystems,百普赛斯,,重组蛋白、抗体与生命科学试剂,https://www.acrobiosystems.com/,site_checked,official_website,available,https://www.acrobiosystems.com/,日文正式名称未取得可靠依据
竞品,Abcam,艾博抗,,抗体与蛋白试剂,https://www.abcam.cn/,site_checked,official_press_release,available,https://www.abcam.cn/,日文正式名称未取得可靠依据
竞品,BD Biosciences,碧迪生物科学,,流式细胞与生命科学工具,https://www.bdbiosciences.com/en-us,brand_changed,official_website,available,https://www.bdbiosciences.com/en-us,日文正式名称未取得可靠依据
竞品,Bio-Techne,Bio-Techne 生物技术集团,,蛋白、抗体与分析平台,https://www.bio-techne.com/,site_checked,official_press_release,available,https://www.bio-techne.com/,日文正式名称未取得可靠依据
竞品,BioLegend,BioLegend（抗体与免疫分析）,,抗体、流式与免疫学试剂品牌,https://www.biolegend.com/,access_blocked,official_website,available,https://www.revvity.com/our-brands,日文正式名称未取得可靠依据；本轮官网未成功读取
竞品,CellGenix,CellGenix（GMP细胞培养原料）,,细胞与基因治疗用 GMP 原料品牌,https://www.cellgenix.com/,reference_only,,not_confirmed,https://www.sartorius.com/en/company/newsroom/corporate-news/sartorius-strengthens-product-portfolio-for-cell-and-gene-therapies-by-acquiring-a-majority-stake-in-cellgenix-817522,日文正式名称未取得可靠依据；独立官网连接失败；Sartorius官方资料确认该品牌，尚未取得可独立核实的品牌图片，不使用集团Logo替代。
竞品,Cytiva,思拓凡,,生物工艺与细胞基因治疗,https://www.cytivalifesciences.com/en/us,site_checked,official_website,available,https://www.cytivalifesciences.com/en/us,日文正式名称未取得可靠依据
竞品,FUJIFILM Wako Pure Chemical,富士胶片和光纯药,富士フイルム和光純薬株式会社,化学与生命科学试剂,https://labchem-wako.fujifilm.com/us/index.html,site_checked,official_website,available,https://labchem-wako.fujifilm.com/us/index.html,
竞品,MedChemExpress / MCE,MCE（中文名称未确认）,,小分子、重组蛋白与生命科学试剂,https://www.medchemexpress.com/,access_blocked,,not_confirmed,https://www.medchemexpress.com/,日文正式名称未取得可靠依据；本轮官网未成功读取；中国官网超时、全球官网HTTP 403；不绕过限制，不从第三方随意替代Logo。
竞品,Merck KGaA Life Science / MilliporeSigma,默克生命科学,,试剂、检测与生物工艺平台,https://www.merckgroup.com/en,site_checked,official_website,available,https://www.merckgroup.com/en,日文正式名称未取得可靠依据
竞品,Miltenyi Biotec,美天旎生物技术,,细胞分选与细胞治疗技术,https://www.miltenyibiotec.com/US-en/,site_checked,official_website,available,https://www.miltenyibiotec.com/US-en/,日文正式名称未取得可靠依据
竞品,Nacalai Tesque,Nacalai Tesque（研究试剂与色谱产品）,ナカライテスク株式会社,日本研究试剂与实验室耗材供应商,https://www.nacalai.com/global/,site_checked,official_website,available,https://www.nacalai.co.jp/,
竞品,PeproTech,PeproTech（重组细胞因子）,,细胞因子与重组蛋白品牌,https://www.thermofisher.com/jp/ja/home/brands/peprotech.html,verified,,not_confirmed,https://www.thermofisher.com/jp/ja/home/about-us.html,日文正式名称未取得可靠依据；Thermo Fisher官方品牌页确认PeproTech重组蛋白产品，未发现独立品牌图片，不借用Thermo Fisher或Gibco Logo。
竞品,Promega,普洛麦格,,分子与细胞分析试剂,https://www.promega.jp/,site_checked,official_website,available,https://www.promega.jp/aboutus/company-information/,日文正式名称未取得可靠依据
竞品,Proteintech,Proteintech 蛋白科技,,抗体、蛋白与免疫分析试剂,https://www.ptglab.com/,site_checked,official_website,available,https://www.ptglab.com/about-us/company-profile/,日文正式名称未取得可靠依据
竞品,R&D Systems,R&D Systems（蛋白、抗体与免疫分析）,,蛋白、抗体与免疫分析品牌,https://www.rndsystems.com,site_checked,,not_confirmed,https://www.rndsystems.com/,日文正式名称未取得可靠依据；官网JSON-LD公开了品牌图片URL，但官方资源服务器两次读取超时；未缓存成功，不把URL配置当图片已可用。
竞品,STEMCELL Technologies,STEMCELL（细胞研究试剂）,,细胞培养与干细胞研究工具,https://www.stemcell.com/,site_checked,official_website,available,https://www.stemcell.com/,日文正式名称未取得可靠依据
竞品,Sartorius / Sartorius Stedim Biotech,赛多利斯,,生物工艺与实验室技术,https://www.sartorius.com/en,site_checked,official_website,available,https://www.sartorius.com/en,日文正式名称未取得可靠依据
竞品,Sigma-Aldrich,西格玛奥德里奇,,化学与生命科学试剂品牌,https://www.sigmaaldrich.com/JP/ja,site_checked,official_press_release,available,https://www.sigmaaldrich.com/JP/ja,日文正式名称未取得可靠依据
竞品,Sino Biological,义翘神州,,重组蛋白与抗体,https://www.sinobiological.com/,access_blocked,official_press_release,available,https://www.globenewswire.com/news-release/2023/10/09/2756840/0/en/Sino-Biological-Announces-the-Opening-of-Its-New-US-Based-Center-for-Bioprocessing.html,日文正式名称未取得可靠依据；本轮官网未成功读取
竞品,Takara Bio,宝生物,タカラバイオ株式会社,分子生物学与细胞技术,https://www.takara-bio.com/en/index.html,site_checked,official_website,available,https://www.takara-bio.com/en/index.html,
竞品,Thermo Fisher Scientific,赛默飞世尔科技,,综合生命科学工具与服务,https://www.thermofisher.com/us/en/home.html,site_checked,official_website,available,https://www.thermofisher.com/jp/ja/home/about-us.html,日文正式名称未取得可靠依据
客户 / 日本账户,A-Seeds Co Ltd,A-Seeds（工程化免疫细胞治疗）,株式会社A-SEEDS,信州大学衍生企业，开发基因工程免疫细胞治疗，关注儿童及年轻成人癌症。,https://www.a-seeds.co.jp/eng/company/,site_checked,official_website_logo,available,https://www.a-seeds.co.jp/eng/company/#index02,
客户 / 日本账户,AIBIOS Co Ltd,AIBIOS（生物医药与再生医疗）,アイバイオズ株式会社,开展生物医药开发与再生医疗业务。,https://www.aibios.co.jp/,site_checked,official_website_logo,available,https://www.aibios.co.jp/%E4%BC%9A%E7%A4%BE%E6%A6%82%E8%A6%81,
客户 / 日本账户,ARC Therapies Inc,ARC Therapies（癌症治疗研发）,ARC Therapies株式会社,日本国立癌症研究中心衍生企业。,https://arctherapies.inc/,site_checked,official_website_logo,available,https://arctherapies.inc/,
客户 / 日本账户,ASKA Pharmaceutical Holdings Co Ltd,ASKA制药控股,あすか製薬ホールディングス株式会社,制药控股集团，旗下企业的动态不自动等同于母公司直接行动。,https://www.aska-pharma-hd.co.jp/english/,site_checked,official_website_logo,available,https://www.aska-pharma-hd.co.jp/invest/add.html,
客户 / 日本账户,Acerna Technologies Co Ltd,aceRNA（RNA与细胞治疗研发）,,通过活性微小RNA探索再生医疗和罕见病药物研发，开展细胞与基因治疗开发。,https://www.acernatec.com/en,site_checked,official_website_logo,available,https://www.acernatec.com/en,日文正式名称未取得可靠依据
客户 / 日本账户,AdipoSeeds Co Ltd,AdipoSeeds（脂肪来源细胞研发）,株式会社AdipoSeeds,利用脂肪组织来源细胞开发再生医疗产品，并向制造合作方提供技术许可。,https://www.adiposeeds.co.jp/,site_checked,official_website_logo,available,https://www.adiposeeds.co.jp/,
客户 / 日本账户,Alchemedicine Co Ltd,Alchemedicine（小分子药物研发）,株式会社アークメディスン,利用HiSAP药物合成技术开发小分子药物，改进候选药的药效、副作用和体内行为。,https://alchemedicine.com/,site_checked,official_website_logo,available,https://alchemedicine.com/,
客户 / 日本账户,Alpha Fusion Inc,Alpha Fusion（靶向α放射治疗）,Alpha Fusion株式会社,以砹-211为基础，开发靶向α疗法及放射性药物。,https://alpha-fusion.com/,site_checked,official_site_icon,available,https://alpha-fusion.com/,
客户 / 日本账户,AnGes Inc,AnGes（基因药物研发）,アンジェス株式会社,研究及开发生物医药品和基因治疗药物。,https://www.anges.co.jp/,site_checked,official_website_logo,available,https://www.anges.co.jp/company,
客户 / 日本账户,AnexAPep Inc,AnexAPep（中文名称未确认）,,官网本轮无法连接，业务简介暂不补猜。,https://anexapep.co.jp/,unreachable,,not_confirmed,https://area34.smp.ne.jp/area/card/5697/j0TPhd/M?S=mbnal0pgs0k,日文正式名称未取得可靠依据；本轮官网未成功读取；官网本轮连接失败；未找到可靠的新独立入口，保留原目录且不生成假Logo。；业务细节仍有限，未补猜
客户 / 日本账户,Arktus Therapeutics Inc,Arktus（iPS细胞植入技术）,株式会社Arktus Therapeutics,研发iPS细胞来源植入技术，探索再生医疗应用。,https://arktustx.com/,site_checked,official_website_logo,available,https://arktustx.com/,
客户 / 日本账户,Arrowsmith Inc,Arrowsmith（噬菌体治疗）,,研发面向耐药及难治细菌感染的下一代噬菌体治疗。,https://arrowsmith.co.jp/,site_checked,official_site_icon,available,https://arrowsmith.co.jp/,日文正式名称未取得可靠依据
客户 / 日本账户,Asahi Kasei Corp,旭化成,,综合企业集团；生命科学和医疗相关动态与其他业务分开阅读。,https://www.asahi-kasei.com/company,site_checked,official_site_icon,available,https://www.asahi-kasei.com/company/profile,日文正式名称未取得可靠依据
客户 / 日本账户,Asahikawa Medical University,旭川医科大学,旭川医科大学,开展医学教育、医疗与研究的大学。,https://www.asahikawa-med.ac.jp/english/,site_checked,official_website_logo,available,https://www.asahikawa-med.ac.jp/,
客户 / 日本账户,Astellas Pharma Inc,安斯泰来制药,アステラス製薬株式会社,研发创新药物与治疗方案的生命科学企业。,https://www.astellas.com/en/,site_checked,official_website,available,https://www.astellas.com/jp/,
客户 / 日本账户,Axcelead Inc,Axcelead（药物发现服务集团）,アクセリード株式会社,以Axcelead Drug Discovery Partners为核心的药物发现服务集团控股公司。,https://www.axcelead-hd.com/,site_checked,official_website_logo,available,https://www.axcelead-hd.com/about_us/,
客户 / 日本账户,BFACT Co Ltd,BFACT（肿瘤领域生物技术）,BFACT株式会社,官网以抗癌和肿瘤治疗为方向；未发现可复用的独立Logo图片。,https://bfact.jp/,site_checked,,not_confirmed,https://bfact.jp/,已读取日文官网，页眉为BFACT文字标识；未取得独立品牌图片，不使用WordPress平台Logo。
客户 / 日本账户,Biken Co Ltd,BIKEN（疫苗制造）,株式会社BIKEN,生产和供应疫苗等生物制剂；不是同名生活用品公司“美研”。,https://www.biken.or.jp/about/biken_co/,verified,official_group_logo,available,https://www.biken.or.jp/about/biken_co/,
客户 / 日本账户,Bio Palette Co Ltd,Bio Palette（基因组编辑）,,基因组编辑及微生物组疗法企业；当前官网连接失败，保留官方历史资料依据。,https://www.biopalette.co.jp/,unreachable,,not_confirmed,https://www.biopalette.co.jp/pdf/BP_Release_20200924_ja.pdf,日文正式名称未取得可靠依据；官网本轮无法连接；官方历史新闻稿保留，不将失败理解为公司不存在。；业务细节仍有限，未补猜
客户 / 日本账户,Bio-Thera Clinic,Bio-Thera诊所,ビオセラクリニック,医疗诊所，不作为试剂供应商或药企直接归类。,https://www.bio-c.jp/,site_checked,official_website_logo,available,https://www.bio-c.jp/,
客户 / 日本账户,Biomimetics Sympathies Inc,Biomimetics Sympathies（细胞医药与培养技术）,株式会社バイオミメティクスシンパシーズ,开展细胞医药研发与临床开发、再生医疗技术许可，以及试剂和培养基开发销售。,https://www.bm-s.biz/about/company/,site_checked,official_website_logo,available,https://www.bm-s.biz/about/company/#overview,
客户 / 日本账户,BrightPath Biotherapeutics Co Ltd,BrightPath（癌症免疫治疗）,ブライトパス・バイオ株式会社,开发癌症免疫疗法，管线覆盖药物发现至临床阶段。,https://www.brightpathbio.com/,site_checked,official_website_logo,available,https://www.brightpathbio.com/company/,
客户 / 日本账户,CURED Inc.,CURED（免疫疗法研发）,,横滨的大学衍生生物制药企业，研发肿瘤、感染和炎症疾病的免疫疗法。,https://www.cured-inc.net/,site_checked,,not_confirmed,https://www.cured-inc.net/,日文正式名称未取得可靠依据；已读取官网业务正文，页面展示CURED文字标识；本轮未取得独立图片，不等于公司没有Logo。
客户 / 日本账户,CanBas Co Ltd,CanBas（抗癌药物研发）,株式会社キャンバス,开展抗癌药物研究开发。,https://www.canbas.co.jp/eng/company/about-canbas/,site_checked,official_website_logo,available,https://www.canbas.co.jp/,
客户 / 日本账户,Celaid Therapeutics Inc,Celaid（造血干细胞治疗）,セレイドセラピューティクス株式会社,开发脐带血来源造血干细胞治疗产品，探索骨髓或脐带血移植的替代方案。,https://celaidtx.com/about/,site_checked,official_website_logo,available,https://celaidtx.com/about/#company,
客户 / 日本账户,Cell Exosome Therapeutics Inc,CET（细胞与外泌体治疗）,Cell Exosome Therapeutics株式会社,推进再生医疗产业化与疾病治疗开发。,https://www.cet-tyb.com/,site_checked,official_site_icon,available,https://www.cet-tyb.com/,
客户 / 日本账户,Cell Medicine Inc,Cell Medicine（自体肿瘤疫苗）,,开发利用患者自身固定肿瘤组织和免疫佐剂的自体肿瘤疫苗。,https://cell-medicine.com/eng/,site_checked,official_website_logo,available,https://cell-medicine.com/eng/,日文正式名称未取得可靠依据
客户 / 日本账户,CellAxia Inc,CellAxia（再生医疗）,セルアクシア株式会社,开发再生医疗产品，探索现有药物尚不能有效治疗的疾病。,https://www.cellaxia.co.jp/,site_checked,official_site_icon,available,https://www.cellaxia.co.jp/,
客户 / 日本账户,CellGenTech Inc,CellGenTech（细胞基因治疗）,セルジェンテック株式会社,以基因改造脂肪细胞GMAC平台为基础，研发罕见病细胞基因治疗。,https://www.cellgentech.com/,site_checked,official_site_icon,available,https://www.cellgentech.com/,
客户 / 日本账户,CellSeed Inc,CellSeed（细胞片再生医疗）,株式会社セルシード,以细胞片工程为基础，开发细胞片再生医疗产品及相关支持业务。,https://www.cellseed.com/,site_checked,official_website_logo,available,https://www.cellseed.com/company/,
客户 / 日本账户,CellSource Co Ltd,CellSource（血液与细胞加工）,セルソース株式会社,提供再生医疗相关加工服务，官网介绍血小板来源血浆制剂PFC-FD加工受托业务。,https://www.cellsource.co.jp/recruit/business/,site_checked,official_site_icon,available,https://www.cellsource.co.jp/recruit/business/,
客户 / 日本账户,Cellusion Inc,Cellusion（角膜再生治疗）,株式会社セルージョン,再生医疗企业，官网介绍角膜移植相关领域。,https://cellusion.jp/,site_checked,official_website_logo,available,https://cellusion.jp/,
客户 / 日本账户,Center for iPS Cell Research and Application,京都大学iPS细胞研究所,京都大学iPS細胞研究所,京都大学iPS细胞研究机构；不是此前误配的笹川音乐基金会。,https://www.cira.kyoto-u.ac.jp/,site_checked,official_website_logo,available,https://www.cira.kyoto-u.ac.jp/,
客户 / 日本账户,Change Cure,Change Cure（神经退行性疾病）,,基于神经退行性疾病机制研究，开发面向患者的治疗方法。,https://www.change-cure.com/change-cure-%E6%97%A5%E6%9C%AC%E3%82%B5%E3%82%A4%E3%83%88,site_checked,official_site_icon,available,https://www.change-cure.com/change-cure-%E6%97%A5%E6%9C%AC%E3%82%B5%E3%82%A4%E3%83%88,日文正式名称未取得可靠依据
客户 / 日本账户,Chiba University,千叶大学,千葉大学,综合大学，开展教育、研究和产学合作。,https://www.chiba-u.ac.jp/,site_checked,official_website_logo,available,https://www.chiba-u.ac.jp/index.html,
客户 / 日本账户,Chiome Bioscience Inc,Chiome（抗体药物研发）,株式会社カイオム・バイオサイエンス,开发抗体相关技术与抗体药物，覆盖探索研究至临床开发，涉及ADC与多特异性抗体。,https://www.chiome.co.jp/,site_checked,official_site_icon,available,https://www.chiome.co.jp/company/topmessage/,
客户 / 日本账户,Chugai Pharmaceutical Co Ltd,中外制药,中外製薬株式会社,以独有技术与科学能力为基础的研发型制药企业。,https://www.chugai-pharm.co.jp/english/,site_checked,official_website,available,https://www.chugai-pharm.co.jp/,
客户 / 日本账户,Cloverna Inc,Cloverna（非编码RNA研究）,株式会社クロバーナ,研究非编码RNA生物学及RNA介导的细胞信息。,https://www.cloverna.com/,site_checked,official_site_icon,available,https://www.cloverna.com/#pll_switcher,
客户 / 日本账户,Crafton Biotechnology Co Ltd,Crafton（mRNA技术）,Crafton Biotechnology株式会社,基于自有mRNA技术，与合作方开发创新药物。,https://craftonbio.com/en/,site_checked,official_website_logo,available,https://craftonbio.com/en/,
客户 / 日本账户,CynosBio Inc,CynosBio（再生医疗）,CynosBio株式会社,开展再生医疗产品开发、制造和销售；官网注明旧名为ひろさきLI。,https://cynosbio.com/,site_checked,official_website_logo,available,https://cynosbio.com/about/,
客户 / 日本账户,Cytix Inc,Cytix（健康长寿医疗支持）,株式会社細胞治療技術研究所,支持健康长寿门诊，官网介绍NAD+、NMN及外泌体相关方案；不据宣传推断疗效。,https://cytix.co.jp/,site_checked,official_website_logo,available,https://cytix.co.jp/,
客户 / 日本账户,Cytlimic Inc,Cytlimic（中文名称未确认）,,当前官网连接失败；不凭公司名称补写研发项目。,https://www.cytlimic.com/,unreachable,,not_confirmed,http://www.cytlimic.com/,日文正式名称未取得可靠依据；本轮官网未成功读取；HTTP和HTTPS入口均已探测，本轮连接失败；未取得可核实的独立Logo。
客户 / 日本账户,Daiichi Sankyo Co Ltd,第一三共,第一三共株式会社,制药企业；具体产品和研发进展以公司公告为准。,https://www.daiichisankyo.com/,site_checked,official_website,available,https://www.daiichisankyo.com/,业务细节仍有限，未补猜
客户 / 日本账户,DyDo Pharma Inc,DyDo Pharma（制药）,ダイドーファーマ株式会社,开发及销售医药产品；公开公告包括用于Lambert-Eaton肌无力综合征的Firdapse在日本获批及上市。,https://dydopharma.co.jp/news/,site_checked,official_website_logo,available,https://dydopharma.co.jp/company/,
客户 / 日本账户,EditForce Inc,EditForce（PPR基因治疗）,エディットフォース株式会社,利用PPR平台技术，研发神经退行性疾病、肌肉疾病和罕见病的基因治疗。,https://www.editforce.co.jp/business/,site_checked,official_website_logo,available,https://www.editforce.co.jp/company/about/,
客户 / 日本账户,Editpep,Editpep（中文名称未确认）,,现有美国官网与日本账户目录身份存在冲突，尚未证明为同一主体。,https://www.editpep.bio/about,identity_conflict,,not_confirmed,https://www.editpep.bio/about,日文正式名称未取得可靠依据；美国Editpep官网与日本目录主体的对应关系未确认；不展示该美国主体Logo。
客户 / 日本账户,Eisai Co Ltd,卫材,エーザイ株式会社,研发型制药企业，保留既有神经科学与肿瘤领域监测档案。,https://www.eisai.com/index.html,site_checked,official_website,available,https://www.eisai.co.jp/index.html,业务细节仍有限，未补猜
客户 / 日本账户,Epsilon Molecular Engineering Inc,Epsilon（VHH筛选与分子工程）,株式会社Epsilon Molecular Engineering,利用cDNA展示及PharmaLogical文库提供VHH筛选与分析服务。,https://www.epsilon-mol.co.jp/company-news/20191017-2/,site_checked,official_site_icon,available,https://www.epsilon-mol.co.jp/company/#info,
客户 / 日本账户,EverMed Inc,EverMed（细胞外囊泡治疗）,,开发细胞外囊泡治疗和相关产业化平台，主要关注呼吸系统疾病。,https://evermed.jp/ja/,site_checked,official_website_logo,available,https://evermed.jp/ja/about-us/members/,日文正式名称未取得可靠依据
客户 / 日本账户,Exorphia Co Ltd,Exorphia（细胞外囊泡技术）,株式会社EXORPHIA,基于细胞外囊泡技术开发下一代医疗技术。,https://exorphia.com/,site_checked,official_website_logo,available,https://exorphia.com/company/,
客户 / 日本账户,Fujifilm Holdings Corp,富士胶片控股,富士フイルムホールディングス株式会社,综合企业集团；与FUJIFILM Wako竞品品牌分开保留。,https://holdings.fujifilm.com/sustainability/evaluation,site_checked,official_website_logo,available,https://holdings.fujifilm.com/ja/about/companyprofile,业务细节仍有限，未补猜
客户 / 日本账户,Fukuoka University,福冈大学,福岡大学,开展教育与研究的大学。,https://www.fukuoka-u.ac.jp/,site_checked,official_site_icon,available,https://www.fukuoka-u.ac.jp/,
客户 / 日本账户,FunPep Co Ltd,FunPep（功能肽研发）,株式会社ファンペップ,大阪大学医学部衍生企业，开发功能肽及其医药、化妆品等应用。,https://www.funpep.co.jp/,site_checked,official_site_icon,available,https://www.funpep.co.jp/,
客户 / 日本账户,GAiA BioMedicine Inc,GAiA（基因与免疫治疗）,株式会社ガイアバイオメディシン,利用基因与免疫技术探索难治性疾病治疗。,https://gaia-biomed.com/about-us/,site_checked,official_website_logo,available,https://gaia-biomed.com/about-us/,
客户 / 日本账户,GNI Group Ltd,GNI集团,株式会社ジーエヌアイグループ,通过子公司开展药物发现、制造和销售的医疗健康集团。,https://www.gnipharma.com/,site_checked,official_website_logo,available,https://www.gnipharma.com/company/profile/,
客户 / 日本账户,Gap Junction Inc,Gap Junction（听力与疾病治疗）,,探索听力障碍及间隙连接分子相关疾病的治疗与预防。,https://gapjunction.net/en-pipeline/,site_checked,official_site_icon,available,https://gapjunction.net/en-pipeline/,日文正式名称未取得可靠依据
客户 / 日本账户,GlyTech Inc,糖链工学研究所,株式会社糖鎖工学研究所,以糖链修饰、糖链库和肽筛选技术支持药物发现、非临床及临床开发，并开展糖链修饰药物研发。,https://www.glytech.jp/,site_checked,official_website_logo,available,https://www.glytech.jp/about-us/,
客户 / 日本账户,Gunma University,群马大学,群馬大学,开展教育与研究的大学。,https://www.gunma-u.ac.jp/english,site_checked,official_website_logo,available,https://www.gunma-u.ac.jp/english,
客户 / 日本账户,HanaVax Inc,HanaVax（鼻用疫苗）,株式会社HanaVax,研发下一代经鼻疫苗，关注预防医疗应用。,https://en.hanavax.co.jp/,site_checked,official_website_logo,available,https://en.hanavax.co.jp/,
客户 / 日本账户,Healios KK,Healios（iPS再生医药）,株式会社ヘリオス,开发iPS细胞相关再生医药。,https://www.healios.co.jp/ir/news/,site_checked,official_website_logo,available,https://www.healios.co.jp/about/overview/,
客户 / 日本账户,Heartseed Inc,Heartseed（心脏再生医疗）,Heartseed株式会社,利用iPS细胞技术开发心力衰竭再生治疗。,https://heartseed.jp/ir/news/index.html,site_checked,official_website_logo,available,https://heartseed.jp/company.html,
客户 / 日本账户,Himuka AM Pharma Corp,Himuka AM Pharma（中文名称未确认）,ひむかAMファーマ株式会社,研发改良型肾上腺髓质素药物。,https://www.himuka-am.com/,site_checked,official_website_logo,available,https://www.himuka-am.com/about/outline/,
客户 / 日本账户,Hiroshima University,广岛大学,広島大学,综合大学，开展教育与研究。,https://www.hiroshima-u.ac.jp/en,site_checked,official_website_logo,available,https://www.hiroshima-u.ac.jp/,
客户 / 日本账户,Hokkaido University,北海道大学,北海道大学,开展教育与研究的大学。,https://www.hokudai.ac.jp/,site_checked,official_website_logo,available,https://www.hokudai.ac.jp/,
客户 / 日本账户,Human Life CORD Japan Inc,Human Life CORD（脐带来源细胞治疗）,ヒューマンライフコード株式会社,以脐带来源间充质基质细胞开发再生医疗产品，关注免疫和炎症性疾病。,https://humanlifecord.com/,site_checked,official_website_logo,available,https://humanlifecord.com/company/,
客户 / 日本账户,I'rom Group Co Ltd,I'rom集团,株式会社アイロムグループ,开展再生医疗、基因药物和临床相关业务。,https://www.iromgroup.co.jp/corporate/about/,site_checked,official_website_logo,available,https://www.iromgroup.co.jp/corporate/,
客户 / 日本账户,IDAC Theranostics Inc,IDAC（诊疗与生物医药）,IDACセラノスティクス株式会社,开发和提供医药品及试剂。,http://www.idac-inc.com/about/,site_checked,official_website_logo,available,http://www.idac-thera.com/,
客户 / 日本账户,Immunorock Co Ltd,Immunorock（中文名称未确认）,,保留既有免疫治疗监测档案；完整业务介绍待官方正文确认。,https://immunorock.com/,site_checked,official_site_icon,available,https://immunorock.com/,日文正式名称未取得可靠依据；业务细节仍有限，未补猜
客户 / 日本账户,Immuse Therapeutics Inc,Immuse（免疫治疗）,,旧入口为韩国企业页面，与日本目录的对应关系未明确，不套用日本主体身份。,https://www.immusetx.com/,identity_conflict,,not_confirmed,http://immusetx.iceserver.co.kr/index_en.php,日文正式名称未取得可靠依据；本轮官网未成功读取；已读入口为韩国Immuse企业；与日本目录的关联未确认，保留目录记录但不认定日本法人或使用其Logo。
客户 / 日本账户,Innovacell Co Ltd,Innovacell（自体细胞治疗）,イノバセル株式会社,研发用于粪便失禁和尿失禁的自体细胞治疗，并开展制造。,https://innovacell.com/innovacell-publishes-sponsored-articles-by-leading-physicians-regarding-fecal-incontinence-treatment/?lang=en,site_checked,official_website_logo,available,https://innovacell.com/company/outline/?lang=en,
客户 / 日本账户,Interprotein Corp,Interprotein（蛋白相互作用药物）,,利用INTENDD及螺旋-环-螺旋肽平台开发蛋白相互作用调节剂。,http://www.interprotein.com/,site_checked,official_website_logo,available,http://www.interprotein.com/overview.html,日文正式名称未取得可靠依据
客户 / 日本账户,J-mab Therapeutics Inc,日本抗体医药,日本抗体医薬株式会社,开发针对恶性淋巴瘤的新机制治疗性单克隆抗体。,https://j-mab.co.jp/en/index.html,site_checked,official_website_logo,available,https://j-mab.co.jp/index.html,
客户 / 日本账户,JCR Pharmaceuticals Co Ltd,JCR 制药,JCRファーマ株式会社,运用自有生物技术开发创新药物的研发型制药企业。,https://www.jcrpharm.co.jp/en/,site_checked,official_website,available,https://www.jcrpharm.co.jp/en/company/profile/,
客户 / 日本账户,Japan Institute for Health Security,日本健康危机管理研究机构,国立健康危機管理研究機構,健康危机管理研究机构；与合并前的NIID和NCGM历史档案分开。,https://www.jihs.go.jp/,site_checked,official_website_logo,available,https://www.jihs.go.jp/index.html,
客户 / 日本账户,Jichi Medical University Hospital,自治医科大学附属医院,,大学附属医院；不再使用已关闭的科室网站作主入口。,https://www.jichi.ac.jp/hospital/,access_blocked,,not_confirmed,https://jichi-palliative-care.jp/,日文正式名称未取得可靠依据；本轮官网未成功读取；原科室网站已关闭，已找到医院官网但本轮HTTP 403；旧图标不再作为当前医院品牌依据。
客户 / 日本账户,Jikei University School of Medicine,东京慈惠会医科大学,東京慈恵会医科大学,医学教育与研究机构，科室页面不等同于整个学校官网。,https://www.jikei.ac.jp/,verified,official_group_logo,available,https://www.jikei.ac.jp/,
客户 / 日本账户,Jocavio Co Ltd,Jocavio（溶瘤病毒与载体）,JOCAVIO株式会社,利用基因改造痘苗病毒开发癌症治疗，以及疾病细胞靶向基因递送载体。,https://jocavio.jp/company/,site_checked,official_website_logo,available,https://jocavio.jp/about-us/,
客户 / 日本账户,Junten Bio Co Ltd,Junten Bio（免疫耐受细胞治疗）,株式会社JUNTEN BIO,顺天堂大学衍生企业，利用诱导抑制性T细胞开发器官移植免疫耐受治疗。,https://juntenbio.co.jp/,site_checked,official_website_logo,available,https://juntenbio.co.jp/about-us/#company,
客户 / 日本账户,Juntendo University,顺天堂大学,順天堂大学,开展教育与研究的大学。,https://www.juntendo.ac.jp/,site_checked,official_website_logo,available,https://www.juntendo.ac.jp/,
客户 / 日本账户,Juntendo University Hospital,顺天堂大学附属顺天堂医院,順天堂大学医学部附属順天堂医院,大学附属医院，提供医疗并开展临床相关研究。,https://hosp.juntendo.ac.jp/,site_checked,official_website_logo,available,https://hosp.juntendo.ac.jp/,
客户 / 日本账户,K Pharma Inc,K Pharma（神经再生与iPS药物）,株式会社ケイファーマ,庆应义塾大学医学部衍生企业，开发神经再生医疗及iPS药物研发应用。,https://www.kpharma.co.jp/,site_checked,official_website_logo,available,https://www.kpharma.co.jp/company#outline,
客户 / 日本账户,KAICO Co Ltd,KAICO（蚕生物技术）,,开发蚕相关生物技术；合作事项以官方公告为准。,https://www.kaicoltd.jp/news/20250303en/,site_checked,official_website_logo,available,https://www.kaicoltd.jp/en/news/20250303en/,日文正式名称未取得可靠依据；业务细节仍有限，未补猜
客户 / 日本账户,KYORIN Pharmaceutical Co Ltd,杏林制药,杏林製薬株式会社,制药企业，与杏林大学不是同一主体。,https://www.kyorin-pharm.co.jp/,site_checked,official_website_logo,available,https://www.kyorin-pharm.co.jp/company/,
客户 / 日本账户,Kagawa University,香川大学,香川大学,综合大学，开展教育与研究。,https://www.kagawa-u.ac.jp/,site_checked,official_website_logo,available,https://www.kagawa-u.ac.jp/,
客户 / 日本账户,Kaken Pharmaceutical Co Ltd,科研制药,科研製薬株式会社,制药企业，具体药品和研发方向沿用已有公司档案。,https://www.kaken.co.jp/english/,site_checked,official_website,available,https://www.kaken.co.jp/english/,
客户 / 日本账户,Kamui Pharma Inc,Kamui Pharma（微生物来源药物研发）,カムイファーマ株式会社,开发益生微生物来源生理活性物质的药物应用，包括炎症性肠病方向的长链多聚磷酸及抗肿瘤方向的ferrichrome。,https://www.kamuipharma.co.jp/access,site_checked,official_website_logo,available,https://www.kamuipharma.co.jp/%E8%A4%87%E8%A3%BD-company-profile,
客户 / 日本账户,Kanazawa Medical University,金泽医科大学,金沢医科大学,开展医学教育与研究的大学。,https://www.kanazawa-med.ac.jp/,site_checked,official_website_logo,available,https://www.kanazawa-med.ac.jp/,
客户 / 日本账户,Kanazawa University,金泽大学,金沢大学,开展教育、研究与产学合作的综合大学。,https://www.kanazawa-u.ac.jp/,site_checked,official_site_icon,available,https://www.kanazawa-u.ac.jp/,
客户 / 日本账户,Kanazawa University Hospital,金泽大学附属医院,金沢大学附属病院,大学附属医院，提供高水平医疗并培养医疗人才。,https://web.hosp.kanazawa-u.ac.jp/,site_checked,official_website_logo,available,https://web.hosp.kanazawa-u.ac.jp/,
客户 / 日本账户,Kaneka Corp,钟化,株式会社カネカ,综合材料与技术企业，医疗健康业务与其他业务分别解读。,https://www.kaneka.co.jp/,site_checked,official_site_icon,available,https://www.kaneka.co.jp/corporate/,
客户 / 日本账户,Kawasaki Medical School Hospital,川崎医科大学附属医院,川崎医科大学附属病院,大学附属医院，与学校本体档案分开。,https://h.kawasaki-m.ac.jp/,site_checked,official_website_logo,available,https://h.kawasaki-m.ac.jp/,
客户 / 日本账户,Keio University,庆应义塾大学,慶應義塾大学,开展教育与研究的大学。,https://www.keio.ac.jp/ja/,site_checked,official_website_logo,available,https://www.cjs.keio.ac.jp/about/,
客户 / 日本账户,Kidswell Bio Corp,Kidswell Bio（生物类似药与细胞治疗）,キッズウェル・バイオ株式会社,开展生物类似药及再生医疗细胞治疗业务，公开研究涉及乳牙来源干细胞SHED。,https://www.kidswellbio.com/,site_checked,official_website_logo,available,https://www.kidswellbio.com/corporate/,
客户 / 日本账户,Kirin Holdings Co Ltd,麒麟控股,キリンホールディングス株式会社,多业务集团，保留控股公司主体，不与单独药企或产品品牌混同。,https://www.kirinholdings.com/,site_checked,official_website_logo,available,https://www.kirinholdings.com/jp/company/overview/,业务细节仍有限，未补猜
客户 / 日本账户,Kissei Pharmaceutical Co Ltd,Kissei 药品工业,キッセイ薬品工業株式会社,制药企业，药物研发与健康护理产品动态分开阅读。,https://www.kissei.co.jp/e_contents/,site_checked,official_website,available,https://www.kissei.co.jp/e_contents/about/profile/,
客户 / 日本账户,Kobe University,神户大学,神戸大学,涵盖人文、社会、自然科学及生命医学的综合大学。,https://www.kobe-u.ac.jp/en/,site_checked,official_website_logo,available,https://www.kobe-u.ac.jp/ja/,
客户 / 日本账户,Kochi University,高知大学,高知大学,开展教育与研究的大学。,https://www.kochi-u.ac.jp/prospective/,site_checked,official_site_icon,available,https://www.kochi-u.ac.jp/prospective/,
客户 / 日本账户,Koshikai Non-Profit Medical Corp,滉志会医疗法人,医療法人社団滉志会,运营Seta Clinic Group；与单独诊所目录项分别保留。,https://j-immunother.com/about/,site_checked,official_website_logo,available,https://www.j-immunother.com/about,业务细节仍有限，未补猜
客户 / 日本账户,Kowa Co Ltd,兴和,興和株式会社,兼具商贸与制造业务，涵盖医药、医疗设备及其他工业产品。,https://www.kowa.co.jp/,site_checked,official_website_logo,available,https://www.kowa.co.jp/company/index.html,
客户 / 日本账户,Kringle Pharma Inc,Kringle Pharma（难治性疾病药物研发）,クリングルファーマ株式会社,研究及开发难治性疾病治疗药物。,https://www.kringle-pharma.com/ir_info/,site_checked,official_website_logo,available,https://www.kringle-pharma.com/company/,
客户 / 日本账户,Kubota Pharmaceutical Holding,洼田制药控股,窪田製薬ホールディングス株式会社,开发眼科药物和医疗器械，关注视力维持与恢复。,https://www.kubotaholdings.co.jp/,site_checked,official_website_logo,available,https://www.kubotaholdings.co.jp/company/index.html,
客户 / 日本账户,Kumamoto University,熊本大学,熊本大学,开展教育与研究的大学。,https://www.kumamoto-u.ac.jp/,site_checked,official_website_logo,available,https://www.kumamoto-u.ac.jp/,
客户 / 日本账户,Kurume University,久留米大学,久留米大学,包括医学与护理学科的综合大学。,https://www.kurume-u.ac.jp/,site_checked,official_site_icon,available,https://www.kurume-u.ac.jp/campus-life/topics/exchange/6a5439bad3ba2575dec75b37/,
客户 / 日本账户,Kyorin University,杏林大学,杏林大学,大学教育与研究机构，与杏林制药分开保留。,https://www.kyorin-u.ac.jp/,site_checked,official_website_logo,available,https://www.kyorin-u.ac.jp/,业务细节仍有限，未补猜
客户 / 日本账户,Kyoto University,京都大学,京都大学,综合研究型大学；iPS细胞研究所保留独立机构档案。,https://www.kyoto-u.ac.jp/ja,site_checked,official_website_logo,available,https://www.kyoto-u.ac.jp/ja,业务细节仍有限，未补猜
客户 / 日本账户,Kyushu University,九州大学,九州大学,开展教育与研究的大学。,https://www.kyushu-u.ac.jp/en/,site_checked,official_website_logo,available,https://www.kyushu-u.ac.jp/ja/,
客户 / 日本账户,LTT Bio-Pharma Co Ltd,LTT Bio-Pharma（中文名称未确认）,株式会社LTTバイオファーマ,开展医药研发的企业。,https://www.ltt.co.jp/,site_checked,official_website_logo,available,https://www.ltt.co.jp/company/,
客户 / 日本账户,LUCA Science Inc,LUCA Science（线粒体治疗）,ルカ・サイエンス株式会社,开发功能性线粒体治疗平台，结合递送与制剂技术探索受损组织和器官治疗。,https://www.luca-science.com/,site_checked,official_website_logo,available,https://ja.luca-science.com/,
客户 / 日本账户,Linqmed Inc,Linqmed（放射性药物）,リンクメッド株式会社,开发用于癌症诊疗的放射性医药产品。,https://linqmed.co.jp/company/profile/,site_checked,official_website_logo,available,https://linqmed.co.jp/company/profile/,
客户 / 日本账户,"Logomix, Inc",Logomix（细胞系统工程）,,以Geno-Writing平台开展iPS细胞与大规模细胞系统工程。,https://logomix.bio/,site_checked,official_site_icon,available,https://logomix.bio/,日文正式名称未取得可靠依据
客户 / 日本账户,M Bio Technology Inc,M Bio Technology（支原体感染研究）,エムバイオテック株式会社,研究支原体感染性疾病及相关治疗。,https://www.mbiotechnology.com/,site_checked,official_website_logo,available,https://www.mbiotechnology.com/company,
客户 / 日本账户,Maruho Co Ltd,Maruho（皮肤科制药）,マルホ株式会社,皮肤科专科制药企业，覆盖研发、制造及药品信息服务。,https://www.maruho.co.jp:443/index.html,site_checked,official_website_logo,available,https://www.maruho.co.jp:443/about/,
客户 / 日本账户,MeSCue-Janusys Inc,MeSCue-Janusys（肽药物发现）,メスキュージェナシス株式会社,开展肽类药物发现研究。,https://www.mescuejanusys2.com/,site_checked,official_website_logo,available,https://www.mescuejanusys2.com/company/#a01,
客户 / 日本账户,Medinet Co Ltd,Medinet（细胞加工与CDMO）,株式会社メディネット,提供细胞加工CMO及再生医疗和临床试验产品CDMO服务。,https://www.medinet-inc.co.jp/,site_checked,official_site_icon,available,https://www.medinet-inc.co.jp/aboutus/,
客户 / 日本账户,Medipreneur Co Ltd,Medipreneur（脂肪干细胞技术）,株式会社メディプレナー,研发人脂肪来源干细胞相关再生医疗技术。,https://medipreneur-jp.com/company.html,site_checked,official_website_logo,available,https://medipreneur-jp.com/company.html,
客户 / 日本账户,Meiji Holdings Co Ltd,明治控股,明治ホールディングス株式会社,集团控股公司，旗下业务与母公司行动区分。,https://www.meiji.com/,site_checked,official_site_icon,available,https://www.meiji.com/corporate/data/,
客户 / 日本账户,Metabologenomics Inc,Metagen（肠道环境研究）,,研究肠道环境及其健康相关功能。,https://metagen.co.jp/en-home/,site_checked,official_website_logo,available,https://metagen.co.jp/en-home/,日文正式名称未取得可靠依据
客户 / 日本账户,Metcela Inc,Metcela（心脏细胞治疗）,,开发儿童先天性心脏病自体细胞治疗JRM-001和成人心衰治疗MTC001。,https://www.metcela.com/pipeline-jp/,site_checked,official_website_logo,available,https://www.metcela.com/pipeline-jp/,日文正式名称未取得可靠依据
客户 / 日本账户,"Ministry of Economy, Trade and Industry, Japan",日本经济产业省,,政府部门，不作为药企或成交客户理解。,https://www.meti.go.jp/,access_blocked,official_site_icon,available,https://www.meti.go.jp/english/aboutmeti/,日文正式名称未取得可靠依据；本轮官网未成功读取
客户 / 日本账户,MiraBiologics Inc,MiraBiologics（多功能生物药）,ミラバイオロジクス株式会社,东京大学和大阪大学衍生企业，开发多功能生物医药。,https://www.mirabiologics.com/jp/,site_checked,official_website_logo,available,https://www.mirabiologics.com/jp/,
客户 / 日本账户,Mitsubishi Chemical Group Corp,三菱化学集团,三菱ケミカルグループ株式会社,综合化学集团，生命科学相关动态与其他产业动态分开。,https://www.mcgc.com/index.html,site_checked,official_website_logo,available,https://www.mcgc.com/group/index.html,
客户 / 日本账户,Miyarisan Pharmaceutical Company Ltd,Miyarisan制药,ミヤリサン製薬株式会社,研发、生产和销售使用宫入菌等有用细菌的产品。,https://www.miyarisan.com/,site_checked,official_site_icon,available,https://www.miyarisan.com/company/,
客户 / 日本账户,Modalis Therapeutics Corp,Modalis（遗传病治疗）,株式会社モダリス,利用CRISPR-GNDM平台开发遗传性疾病治疗。,https://modalistx.com/,site_checked,official_website_logo,available,https://modalistx.com/jp/company/,
客户 / 日本账户,Molcure Inc,Molcure（AI药物发现）,,结合机器学习、生物技术与机器人技术加速药物发现。,https://molcure.com/,site_checked,official_website_logo,available,https://molcure.com/jp/,日文正式名称未取得可靠依据
客户 / 日本账户,Momotaro-Gene Inc,Momotaro-Gene（癌症药物研发）,桃太郎源株式会社,开展癌症药物研发；公开管线新闻涉及用于恶性胶质瘤的Ad-SGE-REIC临床研究。,https://www.mt-gene.com/information/,site_checked,official_website_logo,available,https://www.mt-gene.com/company/,
客户 / 日本账户,NB Health Laboratory Co Ltd,NB健康研究所,株式会社エヌビィー健康研究所,开发呼吸系统疾病、慢性炎症及中枢神经相关创新药物。,https://nbhl.co.jp/,site_checked,official_website_logo,available,https://nbhl.co.jp/aboutus/%E4%BC%9A%E7%A4%BE%E6%A6%82%E8%A6%81/,
客户 / 日本账户,NC Medical Research Inc,NC Medical Research（神经再生）,,探索利用人体自愈能力，修复脑梗死等引起的神经损伤。,https://www.ncmr.co.jp/company/,unreachable,official_website_logo,available,https://www.ncmr.co.jp/en/company/,日文正式名称未取得可靠依据；本轮官网未成功读取
客户 / 日本账户,NEC Corp,日本电气,,提供AI、信息技术与网络安全等技术的企业；不推断医药客户关系。,https://group.nec/global/,site_checked,official_site_icon,available,https://group.nec/global/ja/,日文正式名称未取得可靠依据
客户 / 日本账户,Nagasaki University,长崎大学,長崎大学,开展教育与研究的大学。,https://www.nagasaki-u.ac.jp/,site_checked,official_website_logo,available,https://www.nagasaki-u.ac.jp/ja/news/news5118.html,
客户 / 日本账户,Nagasaki University Hospital,长崎大学医院,長崎大学病院,大学附属医疗机构。,https://www.mh.nagasaki-u.ac.jp/,site_checked,official_website_logo,available,https://www.mh.nagasaki-u.ac.jp/,
客户 / 日本账户,Nagoya University,名古屋大学,名古屋大学,综合大学，开展研究、教育及产学合作。,https://www.nagoya-u.ac.jp/,site_checked,official_website_logo,available,https://www.nagoya-u.ac.jp/,
客户 / 日本账户,Nagoya University Hospital,名古屋大学附属医院,名古屋大学医学部附属病院,大学附属医院，与大学本体分开保留。,https://www.med.nagoya-u.ac.jp/hospital_en/,site_checked,official_site_icon,available,https://www.med.nagoya-u.ac.jp/hospital/,业务细节仍有限，未补猜
客户 / 日本账户,National Cancer Center Hospital,日本国立癌症研究中心医院,国立がん研究センター中央病院,癌症专科医院；学术论文网站不作为医院官网。,https://www.ncc.go.jp/jp/ncch/,verified,,not_confirmed,https://www.ncc.go.jp/jp/ncch/index.html,纠正J-STAGE论文平台误配，医院使用自身官网文字标识；不再展示论文平台图标。
客户 / 日本账户,National Cancer Center Japan,日本国立癌症研究中心,国立がん研究センター,癌症研究与医疗机构；医院及衍生企业分别保留。,https://www.ncc.go.jp/jp/index.html,site_checked,official_site_icon,available,https://www.ncc.go.jp/jp/index.html,业务细节仍有限，未补猜
客户 / 日本账户,National Center for Child Health and Development,日本国立成育医疗研究中心,国立成育医療研究センター,面向儿童及孕产妇提供医疗，并开展相关研究。,https://www.ncchd.go.jp/,site_checked,official_website_logo,available,https://www.ncchd.go.jp/,
客户 / 日本账户,National Center for Global Health and Medicine,日本国立国际医疗研究中心（历史主体）,,2025年与NIID整合成立JIHS；历史主体不直接替换成新机构。,https://www.hosp.jihs.go.jp/,merged,,not_confirmed,https://www.jihs.go.jp/,日文正式名称未取得可靠依据；2025年与NIID整合成立JIHS，当前网站为后继机构医疗中心；不把新机构标识当作历史主体Logo。
客户 / 日本账户,National Cerebral and Cardiovascular Center,日本国立循环器病研究中心,国立循環器病研究センター,围绕循环系统疾病开展预防、诊断、治疗及基础研究。,https://www.ncvc.go.jp/,site_checked,official_website_logo,available,https://www.ncvc.go.jp/,
客户 / 日本账户,National Institute of Infectious Diseases,日本国立感染症研究所（历史主体）,国立感染症研究所,2025年与NCGM整合成立JIHS；保留原机构历史档案。,https://www.niid.jihs.go.jp/,merged,,not_confirmed,https://www.jihs.go.jp/,2025年与NCGM整合成立JIHS；保留NIID历史主体，不混用JIHS品牌图片。；业务细节仍有限，未补猜
客户 / 日本账户,Neo-Precision Therapeutics Co Ltd,NPT（精准治疗开发）,株式会社NPT,开展面向个体化医疗的新药和治疗方法临床开发。,https://neopt.jp/,site_checked,official_website_logo,available,https://neopt.jp/company/information/,
客户 / 日本账户,Nexuspiral Inc,Nexuspiral（基因组编辑）,,开发基于寡核酸的PODiR基因组编辑技术；官方历史政府资料可追溯。,https://www.nexuspiral.co.jp/,unreachable,,not_confirmed,https://www.kansai.meti.go.jp/2-4bio/KRIC/leaflets/Nexuspiral.pdf,日文正式名称未取得可靠依据；原域名与政府资料线索均已探测，本轮不能访问；政府技术介绍确认主体和PODiR技术。
客户 / 日本账户,Nichi-Iko Pharmaceutical Co Ltd,日医工,日医工株式会社,仿制药企业，质量、生产及药品动态沿用现有监测档案。,https://www.nichiiko.co.jp/,site_checked,official_website_logo,available,https://www.nichiiko.co.jp/company/outline/,
客户 / 日本账户,Nihon University,日本大学,日本大学,综合大学，开展教育与研究。,https://www.nihon-u.ac.jp/redirect_en/,site_checked,official_site_icon,available,https://www.nihon-u.ac.jp/,
客户 / 日本账户,Niigata University,新潟大学,新潟大学,大学主体保留；官网本轮请求超时不等于机构无官网。,https://www.niigata-u.ac.jp/,site_checked,official_website_logo,available,https://www.niigata-u.ac.jp/,业务细节仍有限，未补猜
客户 / 日本账户,Nippon Medical School Hospital,日本医科大学附属医院,日本医科大学付属病院,大学附属医疗机构。,https://www.nms.ac.jp/hosp/,site_checked,official_website_logo,available,https://www.nms.ac.jp/hosp/,
客户 / 日本账户,Nobelpharma Co Ltd,Nobelpharma（中文名称未确认）,ノーベルファーマ株式会社,日本制药企业，不再以美国子公司首页替代日本本体官网。,https://www.nobelpharma.co.jp/,site_checked,official_website_logo,available,https://www.nobelpharma.co.jp/company/,
客户 / 日本账户,Noile-Immune Biotech Inc,Noile-Immune（癌症免疫治疗）,ノイルイミューン・バイオテック株式会社,日本国立癌症研究中心衍生企业，专注癌症免疫疗法。,https://www.noile-immune.com/,site_checked,official_website_logo,available,https://www.noile-immune.com/About_Noile/corporate_info.html,
客户 / 日本账户,Nxera Pharma Co Ltd,Nxera Pharma（中文名称未确认）,ネクセラファーマ株式会社,投资科学和技术，开发创新药物。,https://www.nxera.life/jp,site_checked,official_website_logo,available,https://www.nxera.life/jp/about,
客户 / 日本账户,ONODERA GT Pharma Co Ltd,ONODERA GT Pharma（基因治疗）,,开发基因治疗，官网介绍ALS、帕金森病等方向。,https://www.onodera-gtp.com/,site_checked,official_website_logo,available,https://www.onodera-gtp.com/,日文正式名称未取得可靠依据
客户 / 日本账户,ONSSI Co Ltd,ONSSI（基因与抗体药物）,ONSSI株式会社,开发基因治疗与抗体药物，并研发医药研究相关试剂。,https://www.onssi.co.jp/,site_checked,official_website_logo,available,https://www.onssi.co.jp/company/,
客户 / 日本账户,ORBIO Corp,ORBIO（L-葡萄糖肿瘤治疗）,オルバイオ株式会社,探索基于L-葡萄糖的癌症治疗技术。,https://orbio.jp/,site_checked,official_website_logo,available,https://orbio.jp/corporate/,
客户 / 日本账户,Okayama University,冈山大学,岡山大学,综合大学，开展教育与研究。,https://www.okayama-u.ac.jp/cn/index.html,site_checked,official_site_icon,available,https://www.okayama-u.ac.jp/index.html,
客户 / 日本账户,Oligogen Inc,Oligogen（神经再生）,株式会社オリゴジェン,探索神经疾病的再生医疗。,https://oligogen.jp/,site_checked,official_site_icon,available,https://oligogen.jp/archives/company/%E4%BC%9A%E7%A4%BE%E6%A6%82%E8%A6%81new,
客户 / 日本账户,OncoTherapy Science Inc,OncoTherapy Science（癌症治疗研发）,オンコセラピー・サイエンス株式会社,基于癌症基因表达信息开发分子靶向药、抗体药物与肽疫苗；TCR/BCR等解析服务由子公司CPM运营。,https://www.oncotherapy.co.jp/,site_checked,official_website_logo,available,https://www.oncotherapy.co.jp/company/,
客户 / 日本账户,Oncolys BioPharma Inc,Oncolys（抗癌药物）,オンコリスバイオファーマ株式会社,开发抗癌药物OBP-301（Telomelysin）。,https://www.oncolys.com/,site_checked,official_website_logo,available,https://www.oncolys.com/jp/company-information/outline.html,
客户 / 日本账户,Ono Pharmaceutical Co Ltd,小野药品工业,小野薬品工業株式会社,在医疗需求较高的领域开发创新药物。,https://www.ono-pharma.com/en,site_checked,official_website,available,https://www.ono-pharma.com/en/company/about/outline,
客户 / 日本账户,Onodera Medical Co Ltd,ONODERA医疗,株式会社ONODERAメディカル,提供细胞加工受托制造、再生医疗咨询及细胞培养研发。,https://onodera-medical.co.jp/company/about/,site_checked,official_website_logo,available,https://onodera-medical.co.jp/company/,
客户 / 日本账户,Optieum Biotechnologies Inc,Optieum（CAR-T治疗）,オプティアム・バイオテクノロジーズ株式会社,利用Eumbody系统研发CAR-T细胞治疗，官网介绍面向实体瘤微环境的FAPα靶向项目。,https://optieumbio.com/category/,site_checked,official_website_logo,available,https://optieumbio.com,
客户 / 日本账户,Orizuru Therapeutics Inc,Orizuru（iPS与再生医疗）,オリヅルセラピューティクス株式会社,开发细胞移植再生医疗产品，并利用iPS技术支持药物发现与再生医疗研究。,https://orizuru-therapeutics.com/company/,site_checked,official_website_logo,available,https://orizuru-therapeutics.com/company/,
客户 / 日本账户,Osaka City University,大阪市立大学（历史主体）,,2022年与大阪府立大学整合为大阪公立大学；历史名称和新闻保留。,https://www.omu.ac.jp/,merged,,not_confirmed,https://www.omu.ac.jp/en/about/history/,日文正式名称未取得可靠依据；2022年整合为大阪公立大学；保留大阪市立大学历史档案，不用新大学Logo冒充历史主体。；业务细节仍有限，未补猜
客户 / 日本账户,Osaka University,大阪大学,大阪大学,综合大学，开展教育与研究。,https://www.osaka-u.ac.jp/ja,site_checked,official_website_logo,available,https://www.osaka-u.ac.jp/ja,
客户 / 日本账户,Otsuka Holdings Co Ltd,大冢控股,大塚ホールディングス株式会社,集团控股公司，旗下制药企业与母公司分别保留。,https://www.otsuka.com/jp/,site_checked,official_website_logo,available,https://www.otsuka.com/jp/company/,业务细节仍有限，未补猜
客户 / 日本账户,PancTherapy Inc,PancTherapy（胰腺癌治疗与诊断）,パンクセラピー株式会社,开发胰腺癌治疗药物及诊断产品。,https://www.panctherapy.com/,site_checked,official_website_logo,available,https://www.panctherapy.com/#company,
客户 / 日本账户,PeptiAID Inc,PeptiAID（中文名称未确认）,ぺプチエイド株式会社,由公开合作资料确认主体，尚未找到独立官网与独立品牌图片。,https://www.peptidream.com/company/profile/,reference_only,,not_confirmed,https://www.kishida.co.jp/english/news/000653.html,公开合作公告确认PeptiAID存在，尚无独立官网及独立Logo依据；PeptiDream官网是关联方资料，不是PeptiAID官网。
客户 / 日本账户,PeptiDream Inc,PeptiDream（肽类药物研发）,ペプチドリーム株式会社,保留既有肽类药物研发、合作与制造监测档案。,https://www.peptidream.com/en/,site_checked,official_website,available,https://www.peptidream.com/en/,业务细节仍有限，未补猜
客户 / 日本账户,Periotherapia Co Ltd,Periotherapia（periostin靶向药物）,ペリオセラピア株式会社,研发针对病理性骨膜蛋白的药物，关注HER2阴性乳腺癌等难治疾病。,https://periotherapia.co.jp/,site_checked,official_website_logo,available,https://periotherapia.co.jp/about/overview/,
客户 / 日本账户,Perseus Proteomics Inc,Perseus（抗体药物与研究试剂）,株式会社ペルセウスプロテオミクス,开发抗体药物，并提供抗体研究支持及抗体、试剂销售。,https://www.ppmx.com/,site_checked,official_website_logo,available,https://www.ppmx.com/corporate/message/,
客户 / 日本账户,PharmaBio Corp,PharmaBio（再生医疗CDMO）,ファーマバイオ株式会社,提供再生医疗产品制造开发受托服务，同时开展新药开发。,https://www.pharmabio.co.jp/,site_checked,official_website_logo,available,https://www.pharmabio.co.jp/company.html,
客户 / 日本账户,PhotoQ3 Inc,PhotoQ3（抗体光治疗与试剂）,株式会社PhotoQ3,开发iTAP靶向抗体光治疗，提供科研用saporin及抗His-tag抗体。,https://photoq3.com/,site_checked,official_website_logo,available,https://photoq3.com/company/company-info/,
客户 / 日本账户,PrimRNA Inc,PrimRNA（mRNA医药）,株式会社PrimRNA,NANO MRNA全资子公司，研发和制造mRNA医药；不使用母公司Logo冒充自身品牌。,https://www.nanomrna.co.jp/company/group/,subsidiary,,not_confirmed,https://www.nanomrna.co.jp/company/#profile,NANO MRNA官网确认PrimRNA为全资子公司；未找到独立Logo，不借用母公司标识。
客户 / 日本账户,Protein Immuno-Engineering Laboratories Inc,蛋白免疫工程研究所,,旧官网无法访问，主体与业务说明需补可靠依据。,http://www.pi-bio.com/,unreachable,,not_confirmed,https://www.jba.or.jp/en/member/venture/,日文正式名称未取得可靠依据；本轮官网未成功读取；旧官网连接失败；未取得可唯一核实的替代官网或Logo。
客户 / 日本账户,Purec Co Ltd,Purec（中文名称未确认）,PuREC株式会社,岛根大学衍生企业，具体业务以官方介绍为准。,https://www.purec.jp/,site_checked,official_website_logo,available,https://www.purec.jp/company/,业务细节仍有限，未补猜
客户 / 日本账户,RIKEN,理化学研究所,理化学研究所,覆盖物理、化学、工程、信息、生物与医学等领域的综合自然科学研究机构。,https://www.riken.jp/,site_checked,official_website_logo,available,https://www.riken.jp/,
客户 / 日本账户,Rainbow Inc,Rainbow（自体MSC脑再生治疗）,株式会社RAINBOW,利用患者自身骨髓来源MSC开发脑再生医疗产品。,https://rainbowinc.co.jp/about/,site_checked,official_website_logo,available,https://rainbowinc.co.jp/company/,
客户 / 日本账户,ReEir Co Ltd,ReEir（血液来源细胞治疗）,株式会社リィエイル,大学衍生企业，开发可通过采血获得细胞的再生医疗与细胞治疗。,https://www.re-eir.com/,site_checked,official_website_logo,available,https://www.re-eir.com/about,
客户 / 日本账户,Rebirthel Co Ltd,Rebirthel（再生T细胞）,リバーセル株式会社,研发可即用的再生T细胞制剂，探索癌症、感染和自身免疫疾病治疗。,https://www.rebirthel.jp/,site_checked,official_website_logo,available,https://rebirthel.com/#companyprofile,
客户 / 日本账户,Red Arrow Therapeutics Co Ltd,Red Arrow（纳米聚合物递送）,,利用纳米聚合物药物递送平台开发肿瘤治疗，关注生物药定向释放。,https://redarrowtx.com/,site_checked,official_website_logo,available,https://redarrowtx.com/,日文正式名称未取得可靠依据
客户 / 日本账户,Regcell Co Ltd,RegCell（免疫调控）,レグセル株式会社,研发免疫系统调控技术，探索自身免疫疾病和癌症治疗。,https://regcellbio.com/,site_checked,official_website_logo,available,https://regcell.jp/,
客户 / 日本账户,Rege Nephro Co Ltd,Rege Nephro（肾脏疾病治疗）,リジェネフロ株式会社,研发肾脏疾病治疗解决方案。,https://www.regenephro.co.jp/,site_checked,official_website_logo,available,https://www.regenephro.co.jp/company/,
客户 / 日本账户,Regene4T Inc,Regene4T（再生医疗）,リジェネフォーティー株式会社,建立NEcST细胞，探索脊髓损伤等再生医疗应用。,https://www.regene4t.co.jp/,site_checked,official_website_logo,available,https://www.regene4t.co.jp/%E4%BC%9A%E7%A4%BE%E6%A6%82%E8%A6%81,
客户 / 日本账户,ReproCELL Inc,ReproCELL（干细胞与药物发现）,株式会社リプロセル,提供干细胞和药物发现相关解决方案，支持治疗研发。,https://www.reprocell.com/,site_checked,official_website_logo,available,https://reprocell.co.jp/,
客户 / 日本账户,ReqMed Co Ltd,ReqMed（中文名称未确认）,株式会社レクメド,官网列有医药开发、医药销售和咨询业务。,https://www.reqmed.co.jp/ir-information/,site_checked,official_site_icon,available,https://www.reqmed.co.jp/about/company/,
客户 / 日本账户,Restore Vision Co Ltd,Restore Vision（视力恢复基因治疗）,株式会社レストアビジョン,日本企业，开发视力恢复基因治疗。,https://restore-vis.com/our-team/,site_checked,official_website_logo,available,https://restore-vis.com/our-team/,
客户 / 日本账户,Revolka Ltd,Revolka（AI蛋白工程）,株式会社レボルカ,以蛋白工程与机器学习结合的aiProtein技术开发生物药，改进抗体、酶等蛋白的功能与结构稳定性。,https://www.revolka.com/,site_checked,official_website_logo,available,https://www.revolka.com/,
客户 / 日本账户,Rin Institute Inc,RIN Institute（抗癌抗体药物）,株式会社凜研究所,国立癌症研究中心衍生企业，研发治疗及诊断用抗癌抗体，开展ADC等项目。,https://rinmab.co.jp/,verified,official_website_logo,available,https://rinmab.co.jp/company,
客户 / 日本账户,Rohto Pharmaceutical Co Ltd,乐敦制药,ロート製薬株式会社,制药企业，品牌产品页与公司本体官网区分。,https://www.rohto.co.jp/,site_checked,official_website_logo,available,https://www.rohto.co.jp/company/,
客户 / 日本账户,STAND Therapeutics,STAND（细胞内抗体开发）,STAND Therapeutics株式会社,利用稳定细胞内抗体技术开展药物发现、合作开发及研究用试剂支持。,https://www.stand-therapeutics.com/,site_checked,,not_confirmed,https://www.stand-therapeutics.com/%E4%BC%9A%E7%A4%BE%E6%A6%82%E8%A6%81,已读取官网及公司概要，页面展示STAND文字标识；本轮未取得独立品牌图片。
客户 / 日本账户,SanBio Co Ltd,SanBio（神经再生医疗）,株式会社サンバイオ,开发神经系统疾病相关再生细胞医药。,https://www.sanbio.com/en/,site_checked,official_website_logo,available,https://www.sanbio.com/en/about/overview/,
客户 / 日本账户,Santen Pharmaceutical China Co Ltd,参天制药（中国）,,眼科药物企业的中国主体；集团标识不证明特定法人采购关系。,https://www.santen.com.cn/,identity_partial,,not_confirmed,https://www.santen.eu/our-vision/about-santen,日文正式名称未取得可靠依据；本轮官网未成功读取；原映射为参天欧洲集团页而非中国法人；中国入口本轮不可访问，暂不将集团Logo认定为该法人独立品牌。
客户 / 日本账户,Secom Co Ltd,SECOM（安保与综合服务）,セコム株式会社,安保及综合服务集团，不将所有集团动态当作生命科学新闻。,https://www.secom.co.jp/,site_checked,official_website_logo,available,https://www.secom.co.jp/corporate/?link=header,
客户 / 日本账户,Senju Pharmaceutical Co Ltd,千寿制药,千寿製薬株式会社,研发眼科药物的制药企业。,https://www.senju.co.jp/,site_checked,official_website_logo,available,https://www.senju.co.jp/about/,
客户 / 日本账户,Seta Medical Clinic,Seta Medical Clinic（主体待确认）,,旧映射为世田谷区瀬田診療所，与免疫治疗机构瀬田クリニック的对应关系未确认，不混用两者的资料。,http://seta-med.com/clinic/index.html,identity_conflict,,not_confirmed,http://seta-med.com/clinic/index.html,日文正式名称未取得可靠依据；旧入口是世田谷区瀬田診療所，与现有资料描述的免疫治疗机构瀬田クリニック对应关系未确认；不借用任一主体图片。
客户 / 日本账户,Shiga University of Medical Science,滋贺医科大学,滋賀医科大学,医学教育与研究机构。,https://www.shiga-med.ac.jp/,site_checked,official_website_logo,available,https://ic-sums.jp/japanese,
客户 / 日本账户,Shimane University,岛根大学,島根大学,综合大学，包括医学等学科。,https://www.shimane-u.ac.jp/,site_checked,official_website_logo,available,https://www.shimane-u.ac.jp/,
客户 / 日本账户,Shinshu University,信州大学,信州大学,综合大学，包含医学、理学、工学等学科。,https://www.shinshu-u.ac.jp/,site_checked,official_site_icon,available,https://www.shinshu-u.ac.jp/,
客户 / 日本账户,Shionogi & Co Ltd,盐野义制药,塩野義製薬株式会社,研发和提供医药产品的制药企业。,https://www.shionogi.com/global/en/,site_checked,official_website,available,https://www.shionogi.com/global/en/company/outline.html,
客户 / 日本账户,Shizuoka Cancer Center,静冈癌症中心,静岡がんセンター,癌症医疗与研究机构。,https://www.scchr.jp/index.html,site_checked,official_website_logo,available,https://www.scchr.jp/index.html,
客户 / 日本账户,St. Marianna University School of Medicine,圣玛丽安娜医科大学,聖マリアンナ医科大学,医学教育与研究机构。,https://www.marianna-u.ac.jp/,site_checked,official_site_icon,available,https://www.marianna-u.ac.jp/,
客户 / 日本账户,Stem Cell & Device Laboratory Inc,干细胞与器械研究所,株式会社幹細胞＆デバイス研究所,提供干细胞应用技术，开发用于药物发现实验的细胞与组织产品。,https://scad-kyoto.com/,site_checked,official_website_logo,available,https://scad-kyoto.com/aboutus/,
客户 / 日本账户,StemRIM Inc,StemRIM（再生诱导医疗）,株式会社ステムリム,开发再生诱导医疗及基因治疗相关技术。,https://stemrim.com/investors/ir_question/,site_checked,official_website_logo,available,https://stemrim.com/company/,
客户 / 日本账户,Sumitomo Chemical Co Ltd,住友化学,住友化学株式会社,综合化学企业，医疗相关业务与其他产业动态区分。,https://www.sumitomo-chem.co.jp/,site_checked,official_website_logo,available,https://www.sumitomo-chem.co.jp/company/,
客户 / 日本账户,Surv BioPharma Inc,Surv BioPharma（溶瘤病毒）,サーブ・バイオファーマ株式会社,开发溶瘤病毒等创新药物，官网介绍Surv.m-CRA系列项目。,https://www.survbiopharma.co.jp/,site_checked,official_website_logo,available,https://www.survbiopharma.co.jp/info/about/,
客户 / 日本账户,Sysmex Corp,希森美康,シスメックス株式会社,提供诊断仪器、试剂和软件。,https://www.sysmex.co.jp/,site_checked,official_website_logo,available,https://www.sysmex.co.jp/corporate/profile.html,
客户 / 日本账户,T Cell Nouveau Inc,T Cell Nouveau（T细胞疗法）,ティーセルヌーヴォー株式会社,开发面向实体瘤的TCR-like CAR-T细胞治疗。,https://www.tcellnouveau.com/access,site_checked,official_website_logo,available,https://www.tcellnouveau.com/about,
客户 / 日本账户,TNAX Biopharma Corp,TNAX Biopharma（免疫受体抗体药物）,,基于免疫受体和配体研究开发抗体治疗，关注炎症及难治性疾病。,https://tnaxbio.com/,site_checked,official_site_icon,available,https://tnaxbio.com/,日文正式名称未取得可靠依据
客户 / 日本账户,Takara Holdings Inc,宝控股,宝ホールディングス株式会社,旗下包括宝酒造与Takara Bio的控股公司，不与Takara Bio竞品品牌合并。,https://www.takara.co.jp/,site_checked,official_website_logo,available,https://www.takara.co.jp/company/about.html,
客户 / 日本账户,Takeda Pharmaceutical Co Ltd,武田药品工业,武田薬品工業株式会社,以患者为中心、以研发为驱动的全球生物制药企业。,https://www.takeda.com/,site_checked,official_website,available,https://www.takeda.com/jp/,
客户 / 日本账户,Tanabe Pharma Corp,田边制药,田辺ファーマ株式会社,研发创新医药的制药企业。,https://www.tanabe-pharma.com/en/,site_checked,official_website,available,https://www.tanabe-pharma.com/en/index.html,
客户 / 日本账户,Teijin Ltd,帝人,帝人株式会社,涵盖材料、医疗健康和纤维产品的企业集团。,https://www.teijin.co.jp/,site_checked,official_website_logo,available,https://www.teijin.co.jp/#megamenu-01,
客户 / 日本账户,Teikyo Heisei University,帝京平成大学,帝京平成大学,开展教育与研究的大学。,https://www.thu.ac.jp/,site_checked,official_site_icon,available,https://www.thu.ac.jp/,
客户 / 日本账户,The Tokyo Metropolitan Institute of Medical Science,东京都医学综合研究所,東京都医学総合研究所,综合医学研究机构，开展医学研究及成果推广。,https://www.igakuken.or.jp/english/,site_checked,official_website_logo,available,https://www.igakuken.or.jp/,
客户 / 日本账户,Tohoku University,东北大学,東北大学,综合研究型大学，位于仙台。,https://www.tohoku.ac.jp/en/,site_checked,official_website_logo,available,https://www.tohoku.ac.jp/japanese/,
客户 / 日本账户,Tokushima University,德岛大学,徳島大学,开展教育与研究的大学。,https://www.tokushima-u.ac.jp/,site_checked,official_website_logo,available,https://www.tokushima-u.ac.jp/,
客户 / 日本账户,Tokyo University of Agriculture and Technology,东京农工大学,東京農工大学,开展农业、工程及相关领域教育与研究的大学。,https://www.tuat.ac.jp/,site_checked,official_website_logo,available,https://www.tuat.ac.jp/,
客户 / 日本账户,Tokyo University of Science,东京理科大学,東京理科大学,开展教育与研究的大学。,https://www.tus.ac.jp/,site_checked,official_website_logo,available,https://www.tus.ac.jp/tuslife/foreignstudents/japaneseclass/,
客户 / 日本账户,Toray Industries Inc,东丽,東レ株式会社,综合材料与技术企业，保留医疗健康相关观察范围。,https://www.toray.co.jp/,site_checked,official_site_icon,available,https://www.toray.co.jp/,业务细节仍有限，未补猜
客户 / 日本账户,Toregem BioPharma Co Ltd,Toregem（牙齿再生治疗）,トレジェムバイオファーマ株式会社,京都大学衍生企业，研发牙齿再生治疗药物。,https://toregem.co.jp/en/,site_checked,official_website_logo,available,https://toregem.co.jp/,
客户 / 日本账户,Two Cells Co Ltd,Two Cells（MSC再生医疗）,株式会社ツーセル,开展基于间充质干细胞的再生医疗及培养基业务。,https://www.twocells.com/,site_checked,official_website_logo,available,https://www.twocells.com/company/,
客户 / 日本账户,United Immunity Co Ltd,United Immunity（髓系细胞靶向递送）,ユナイテッド・イミュニティ株式会社,结合免疫疗法和纳米颗粒技术，开发靶向髓系细胞的体内细胞治疗及核酸递送平台。,https://unitedimmunity.co.jp/,site_checked,official_website_logo,available,https://unitedimmunity.co.jp/,
客户 / 日本账户,University Of Toyama,富山大学,富山大学,开展教育、研究及产学合作的大学。,https://www.u-toyama.ac.jp/en/,site_checked,official_website_logo,available,https://www.u-toyama.ac.jp/,
客户 / 日本账户,University of Fukui Hospital,福井大学附属医院,福井大学医学部附属病院,大学附属医院，开展医疗研究、开发及临床实践。,https://www.hosp.u-fukui.ac.jp/en/,site_checked,official_website_logo,available,https://www.hosp.u-fukui.ac.jp/,
客户 / 日本账户,University of Tokyo,东京大学,東京大学,综合研究型大学。,https://www.u-tokyo.ac.jp/en/index.html,site_checked,official_website_logo,available,https://www.u-tokyo.ac.jp/ja/index.html,
客户 / 日本账户,University of Tsukuba,筑波大学,筑波大学,综合大学，开展教育、研究及产学合作。,https://www.tsukuba.ac.jp/,site_checked,official_website_logo,available,https://www.tsukuba.ac.jp/campuslife/students-guidebook-jp.pdf,
客户 / 日本账户,VCCT Inc,VC Cell Therapy（视网膜再生医疗）,株式会社VC Cell Therapy,开发视网膜疾病的再生医疗，包括iPS细胞来源RPE细胞治疗；保留目录旧名称VCCT。,https://www.vcct.jp/,site_checked,official_site_icon,available,https://www.vcct.jp/,业务细节仍有限，未补猜
客户 / 日本账户,Veneno Technologies Co Ltd,Veneno（天然肽技术）,,利用自然进化形成的肽，探索医疗与生物技术应用。,https://veneno.co.jp/company-profile/,site_checked,official_website_logo,available,https://veneno.co.jp/en/company-profile/,日文正式名称未取得可靠依据
客户 / 日本账户,Wakunaga Pharmaceutical Co Ltd,涌永制药,湧永製薬株式会社,提供OTC医药品及健康产品，主要品牌包括Leopin滋补强身制剂与Kyolic熟成大蒜补充剂。,https://www.wakunaga.co.jp/,site_checked,official_website_logo,available,https://www.wakunaga.co.jp/company,
客户 / 日本账户,Yamaguchi University,山口大学,山口大学,开展教育与研究的大学。,https://www.yamaguchi-u.ac.jp/,site_checked,official_website_logo,available,https://www.yamaguchi-u.ac.jp/,
客户 / 日本账户,Yokohama City University,横滨市立大学,横浜市立大学,设有教学机构和附属医院的综合大学。,https://www.yokohama-cu.ac.jp/,site_checked,official_website_logo,available,https://www.yokohama-cu.ac.jp/,
客户 / 日本账户,bitBiome Co Ltd,bitBiome（基因组数据与AI）,,构建基因组数据与AI能力，为生物技术研发提供数据智能。,https://bitbiome.bio/,site_checked,official_website_logo,available,https://bitbiome.bio/,日文正式名称未取得可靠依据
客户 / 日本账户,enU Pharma Inc,enU Pharma（抗体药物）,遠友ファーマ株式会社,以糖肽为新药靶点开发抗体药物。,https://enupharma.com/,site_checked,official_site_icon,available,https://enupharma.com/aboutus/overview,
客户 / 日本账户,iHeart Japan Corp,iHeart Japan（iPS再生医疗）,iHeart Japan株式会社,利用iPS细胞开发再生医疗产品。,https://www.iheartjapan.jp/,site_checked,official_website_logo,available,https://www.iheartjapan.jp/,
客户 / 日本账户,iXgene Inc,iXgene（基因编辑与iPS）,株式会社iXgene,结合基因组编辑与iPS细胞技术，探索难治性疾病治疗。,https://www.ixgene.inc/,site_checked,official_website_logo,available,https://www.ixgene.inc/company/,
客户 / 日本账户,tella Inc,tella（历史主体）,,2022年破产程序开始并退市；旧域名现已不对应原企业，保留历史记录。,,historical,,not_confirmed,https://www.jpx.co.jp/news/1023/20220805-11.html,日文正式名称未取得可靠依据；日本交易所确认2022年破产程序开始并退市；旧域名已变为无关网站，不继续展示其现有图标。；业务细节仍有限，未补猜
