name|name_zh|name_ja|summary_zh
Astellas Pharma Inc|安斯泰来制药|アステラス製薬株式会社|研发创新药物与治疗方案的生命科学企业。
Daiichi Sankyo Co Ltd|第一三共|第一三共株式会社|制药企业；具体产品和研发进展以公司公告为准。
Eisai Co Ltd|卫材|エーザイ株式会社|研发型制药企业，保留既有神经科学与肿瘤领域监测档案。
Takeda Pharmaceutical Co Ltd|武田制药|武田薬品工業株式会社|以患者为中心、以研发为驱动的全球生物制药企业。
A-Seeds Co Ltd|A-Seeds（工程化免疫细胞治疗）|株式会社A-SEEDS|信州大学衍生企业，开发基因工程免疫细胞治疗，关注儿童及年轻成人癌症。
Acerna Technologies Co Ltd|aceRNA（RNA与细胞治疗研发）||通过活性微小RNA探索再生医疗和罕见病药物研发，开展细胞与基因治疗开发。
AdipoSeeds Co Ltd|AdipoSeeds（脂肪来源细胞研发）|株式会社AdipoSeeds|利用脂肪组织来源细胞开发再生医疗产品，并向制造合作方提供技术许可。
AIBIOS Co Ltd|AIBIOS（生物医药与再生医疗）|アイバイオズ株式会社|开展生物医药开发与再生医疗业务。
Alchemedicine Co Ltd|Alchemedicine（小分子药物研发）|株式会社アークメディスン|利用HiSAP药物合成技术开发小分子药物，改进候选药的药效、副作用和体内行为。
Alpha Fusion Inc|Alpha Fusion（靶向α放射治疗）|Alpha Fusion株式会社|以砹-211为基础，开发靶向α疗法及放射性药物。
AnexAPep Inc|AnexAPep||官网本轮无法连接，业务简介暂不补猜。
AnGes Inc|AnGes（基因药物研发）|アンジェス株式会社|研究及开发生物医药品和基因治疗药物。
ARC Therapies Inc|ARC Therapies（癌症治疗研发）|ARC Therapies株式会社|日本国立癌症研究中心衍生企业。
Arktus Therapeutics Inc|Arktus（iPS细胞植入技术）|株式会社Arktus Therapeutics|研发iPS细胞来源植入技术，探索再生医疗应用。
Arrowsmith Inc|Arrowsmith（噬菌体治疗）||研发面向耐药及难治细菌感染的下一代噬菌体治疗。
Asahi Kasei Corp|旭化成||综合企业集团；生命科学和医疗相关动态与其他业务分开阅读。
Asahikawa Medical University|旭川医科大学|旭川医科大学|开展医学教育、医疗与研究的大学。
ASKA Pharmaceutical Holdings Co Ltd|ASKA制药控股|あすか製薬ホールディングス株式会社|制药控股集团，旗下企业的动态不自动等同于母公司直接行动。
Axcelead Inc|Axcelead（药物发现服务集团）|アクセリード株式会社|以Axcelead Drug Discovery Partners为核心的药物发现服务集团控股公司。
BFACT Co Ltd|BFACT（肿瘤领域生物技术）|BFACT株式会社|官网以抗癌和肿瘤治疗为方向；未发现可复用的独立Logo图片。
Biken Co Ltd|BIKEN（疫苗制造）|株式会社BIKEN|生产和供应疫苗等生物制剂；不是同名生活用品公司“美研”。
Bio Palette Co Ltd|Bio Palette（基因组编辑）|株式会社バイオパレット|基因组编辑及微生物组疗法企业；当前官网连接失败，保留官方历史资料依据。
Bio-Thera Clinic|Bio-Thera诊所|ビオセラクリニック|医疗诊所，不作为试剂供应商或药企直接归类。
Biomimetics Sympathies Inc|Biomimetics Sympathies（细胞医药与培养技术）||开展细胞医药研发与临床开发、再生医疗技术许可，以及试剂和培养基开发销售。
bitBiome Co Ltd|bitBiome（基因组数据与AI）||构建基因组数据与AI能力，为生物技术研发提供数据智能。
BrightPath Biotherapeutics Co Ltd|BrightPath（癌症免疫治疗）|ブライトパス・バイオ株式会社|开发癌症免疫疗法，管线覆盖药物发现至临床阶段。
CanBas Co Ltd|CanBas（抗癌药物研发）|株式会社キャンバス|开展抗癌药物研究开发。
Celaid Therapeutics Inc|Celaid（造血干细胞治疗）||开发脐带血来源造血干细胞治疗产品，探索骨髓或脐带血移植的替代方案。
Cell Exosome Therapeutics Inc|CET（细胞与外泌体治疗）|Cell Exosome Therapeutics株式会社|推进再生医疗产业化与疾病治疗开发。
Cell Medicine Inc|Cell Medicine（自体肿瘤疫苗）||开发利用患者自身固定肿瘤组织和免疫佐剂的自体肿瘤疫苗。
CellAxia Inc|CellAxia（再生医疗）|セルアクシア株式会社|开发再生医疗产品，探索现有药物尚不能有效治疗的疾病。
CellGenTech Inc|CellGenTech（细胞基因治疗）|セルジェンテック株式会社|以基因改造脂肪细胞GMAC平台为基础，研发罕见病细胞基因治疗。
CellSeed Inc|CellSeed（细胞片再生医疗）|株式会社セルシード|以细胞片工程为基础，开发细胞片再生医疗产品及相关支持业务。
CellSource Co Ltd|CellSource（血液与细胞加工）|セルソース株式会社|提供再生医疗相关加工服务，官网介绍血小板来源血浆制剂PFC-FD加工受托业务。
Cellusion Inc|Cellusion（角膜再生治疗）||再生医疗企业，官网介绍角膜移植相关领域。
Center for iPS Cell Research and Application|京都大学iPS细胞研究所|京都大学iPS細胞研究所|京都大学iPS细胞研究机构；不是此前误配的笹川音乐基金会。
Change Cure|Change Cure（神经退行性疾病）||基于神经退行性疾病机制研究，开发面向患者的治疗方法。
Chiba University|千叶大学|千葉大学|综合大学，开展教育、研究和产学合作。
Chiome Bioscience Inc|Chiome（抗体药物研发）|株式会社カイオム・バイオサイエンス|开发抗体相关技术与抗体药物，覆盖探索研究至临床开发，涉及ADC与多特异性抗体。
Chugai Pharmaceutical Co Ltd|中外制药|中外製薬株式会社|以独有技术与科学能力为基础的研发型制药企业。
Cloverna Inc|Cloverna（非编码RNA研究）||研究非编码RNA生物学及RNA介导的细胞信息。
Crafton Biotechnology Co Ltd|Crafton（mRNA技术）|Crafton Biotechnology株式会社|基于自有mRNA技术，与合作方开发创新药物。
CURED Inc.|CURED（免疫疗法研发）||横滨的大学衍生生物制药企业，研发肿瘤、感染和炎症疾病的免疫疗法。
CynosBio Inc|CynosBio（再生医疗）|CynosBio株式会社|开展再生医疗产品开发、制造和销售；官网注明旧名为ひろさきLI。
Cytix Inc|Cytix（健康长寿医疗支持）||支持健康长寿门诊，官网介绍NAD+、NMN及外泌体相关方案；不据宣传推断疗效。
Cytlimic Inc|Cytlimic||当前官网连接失败；不凭公司名称补写研发项目。
DyDo Pharma Inc|DyDo Pharma（制药）|ダイドーファーマ株式会社|开发及销售医药产品；公开公告包括用于Lambert-Eaton肌无力综合征的Firdapse在日本获批及上市。
EditForce Inc|EditForce（PPR基因治疗）|エディットフォース株式会社|利用PPR平台技术，研发神经退行性疾病、肌肉疾病和罕见病的基因治疗。
Editpep|Editpep||现有美国官网与日本账户目录身份存在冲突，尚未证明为同一主体。
enU Pharma Inc|enU Pharma（抗体药物）|遠友ファーマ株式会社|以糖肽为新药靶点开发抗体药物。
Epsilon Molecular Engineering Inc|Epsilon（VHH筛选与分子工程）||利用cDNA展示及PharmaLogical文库提供VHH筛选与分析服务。
EverMed Inc|EverMed（细胞外囊泡治疗）||开发细胞外囊泡治疗和相关产业化平台，主要关注呼吸系统疾病。
Exorphia Co Ltd|Exorphia（细胞外囊泡技术）|株式会社EXORPHIA|基于细胞外囊泡技术开发下一代医疗技术。
Fujifilm Holdings Corp|富士胶片控股||综合企业集团；与FUJIFILM Wako竞品品牌分开保留。
Fukuoka University|福冈大学|福岡大学|开展教育与研究的大学。
FunPep Co Ltd|FunPep（功能肽研发）|株式会社ファンペップ|大阪大学医学部衍生企业，开发功能肽及其医药、化妆品等应用。
GAiA BioMedicine Inc|GAiA（基因与免疫治疗）||利用基因与免疫技术探索难治性疾病治疗。
Gap Junction Inc|Gap Junction（听力与疾病治疗）||探索听力障碍及间隙连接分子相关疾病的治疗与预防。
GlyTech Inc|糖链工学研究所|株式会社糖鎖工学研究所|以糖链修饰、糖链库和肽筛选技术支持药物发现、非临床及临床开发，并开展糖链修饰药物研发。
GNI Group Ltd|GNI集团|株式会社ジーエヌアイグループ|通过子公司开展药物发现、制造和销售的医疗健康集团。
Gunma University|群马大学|群馬大学|开展教育与研究的大学。
HanaVax Inc|HanaVax（鼻用疫苗）||研发下一代经鼻疫苗，关注预防医疗应用。
Healios KK|Healios（iPS再生医药）|株式会社ヘリオス|开发iPS细胞相关再生医药。
Heartseed Inc|Heartseed（心脏再生医疗）|Heartseed株式会社|利用iPS细胞技术开发心力衰竭再生治疗。
Himuka AM Pharma Corp|Himuka AM Pharma|ひむかAMファーマ株式会社|研发改良型肾上腺髓质素药物。
Hiroshima University|广岛大学|広島大学|综合大学，开展教育与研究。
Hokkaido University|北海道大学|北海道大学|开展教育与研究的大学。
Human Life CORD Japan Inc|Human Life CORD（脐带来源细胞治疗）|ヒューマンライフコード株式会社|以脐带来源间充质基质细胞开发再生医疗产品，关注免疫和炎症性疾病。
I'rom Group Co Ltd|I'rom集团|株式会社アイロムグループ|开展再生医疗、基因药物和临床相关业务。
IDAC Theranostics Inc|IDAC（诊疗与生物医药）|IDACセラノスティクス株式会社|开发和提供医药品及试剂。
iHeart Japan Corp|iHeart Japan（iPS再生医疗）|iHeart Japan株式会社|利用iPS细胞开发再生医疗产品。
Immunorock Co Ltd|Immunorock||保留既有免疫治疗监测档案；完整业务介绍待官方正文确认。
Immuse Therapeutics Inc|Immuse（免疫治疗）||旧入口为韩国企业页面，与日本目录的对应关系未明确，不套用日本主体身份。
Innovacell Co Ltd|Innovacell（自体细胞治疗）|イノバセル株式会社|研发用于粪便失禁和尿失禁的自体细胞治疗，并开展制造。
Interprotein Corp|Interprotein（蛋白相互作用药物）||利用INTENDD及螺旋-环-螺旋肽平台开发蛋白相互作用调节剂。
iXgene Inc|iXgene（基因编辑与iPS）|株式会社iXgene|结合基因组编辑与iPS细胞技术，探索难治性疾病治疗。
J-mab Therapeutics Inc|日本抗体医药|日本抗体医薬株式会社|开发针对恶性淋巴瘤的新机制治疗性单克隆抗体。
Japan Institute for Health Security|日本健康危机管理研究机构|国立健康危機管理研究機構|健康危机管理研究机构；与合并前的NIID和NCGM历史档案分开。
JCR Pharmaceuticals Co Ltd|JCR制药|JCRファーマ株式会社|运用自有生物技术开发创新药物的研发型制药企业。
Jichi Medical University Hospital|自治医科大学附属医院|自治医科大学附属病院|大学附属医院；不再使用已关闭的科室网站作主入口。
Jikei University School of Medicine|东京慈惠会医科大学|東京慈恵会医科大学|医学教育与研究机构，科室页面不等同于整个学校官网。
Jocavio Co Ltd|Jocavio（溶瘤病毒与载体）||利用基因改造痘苗病毒开发癌症治疗，以及疾病细胞靶向基因递送载体。
Junten Bio Co Ltd|Junten Bio（免疫耐受细胞治疗）||顺天堂大学衍生企业，利用诱导抑制性T细胞开发器官移植免疫耐受治疗。
Juntendo University|顺天堂大学|順天堂大学|开展教育与研究的大学。
Juntendo University Hospital|顺天堂大学附属顺天堂医院|順天堂大学医学部附属順天堂医院|大学附属医院，提供医疗并开展临床相关研究。
K Pharma Inc|K Pharma（神经再生与iPS药物）|株式会社ケイファーマ|庆应义塾大学医学部衍生企业，开发神经再生医疗及iPS药物研发应用。
Kagawa University|香川大学|香川大学|综合大学，开展教育与研究。
KAICO Co Ltd|KAICO（蚕生物技术）||开发蚕相关生物技术；合作事项以官方公告为准。
Kaken Pharmaceutical Co Ltd|科研制药|科研製薬株式会社|制药企业，具体药品和研发方向沿用已有公司档案。
Kamui Pharma Inc|Kamui Pharma（微生物来源药物研发）|カムイファーマ株式会社|开发益生微生物来源生理活性物质的药物应用，包括炎症性肠病方向的长链多聚磷酸及抗肿瘤方向的ferrichrome。
Kanazawa Medical University|金泽医科大学|金沢医科大学|开展医学教育与研究的大学。
Kanazawa University|金泽大学|金沢大学|开展教育、研究与产学合作的综合大学。
Kanazawa University Hospital|金泽大学附属医院|金沢大学附属病院|大学附属医院，提供高水平医疗并培养医疗人才。
Kaneka Corp|钟化||综合材料与技术企业，医疗健康业务与其他业务分别解读。
Kawasaki Medical School Hospital|川崎医科大学附属医院|川崎医科大学附属病院|大学附属医院，与学校本体档案分开。
Keio University|庆应义塾大学|慶應義塾大学|开展教育与研究的大学。
Kidswell Bio Corp|Kidswell Bio（生物类似药与细胞治疗）|キッズウェル・バイオ株式会社|开展生物类似药及再生医疗细胞治疗业务，公开研究涉及乳牙来源干细胞SHED。
Kirin Holdings Co Ltd|麒麟控股||多业务集团，保留控股公司主体，不与单独药企或产品品牌混同。
Kissei Pharmaceutical Co Ltd|Kissei药品工业|キッセイ薬品工業株式会社|制药企业，药物研发与健康护理产品动态分开阅读。
Kobe University|神户大学|神戸大学|涵盖人文、社会、自然科学及生命医学的综合大学。
Kochi University|高知大学|高知大学|开展教育与研究的大学。
Koshikai Non-Profit Medical Corp|滉志会医疗法人||运营Seta Clinic Group；与单独诊所目录项分别保留。
Kowa Co Ltd|兴和|興和株式会社|兼具商贸与制造业务，涵盖医药、医疗设备及其他工业产品。
Kringle Pharma Inc|Kringle Pharma（难治性疾病药物研发）|クリングルファーマ株式会社|研究及开发难治性疾病治疗药物。
Kubota Pharmaceutical Holding|洼田制药控股|窪田製薬ホールディングス株式会社|开发眼科药物和医疗器械，关注视力维持与恢复。
Kumamoto University|熊本大学|熊本大学|开展教育与研究的大学。
Kurume University|久留米大学|久留米大学|包括医学与护理学科的综合大学。
KYORIN Pharmaceutical Co Ltd|杏林制药|杏林製薬株式会社|制药企业，与杏林大学不是同一主体。
Kyorin University|杏林大学|杏林大学|大学教育与研究机构，与杏林制药分开保留。
Kyoto University|京都大学|京都大学|综合研究型大学；iPS细胞研究所保留独立机构档案。
Kyushu University|九州大学|九州大学|开展教育与研究的大学。
Linqmed Inc|Linqmed（放射性药物）|リンクメッド株式会社|开发用于癌症诊疗的放射性医药产品。
Logomix, Inc|Logomix（细胞系统工程）||以Geno-Writing平台开展iPS细胞与大规模细胞系统工程。
LTT Bio-Pharma Co Ltd|LTT Bio-Pharma||开展医药研发的企业。
LUCA Science Inc|LUCA Science（线粒体治疗）|ルカ・サイエンス株式会社|开发功能性线粒体治疗平台，结合递送与制剂技术探索受损组织和器官治疗。
M Bio Technology Inc|M Bio Technology（支原体感染研究）||研究支原体感染性疾病及相关治疗。
Maruho Co Ltd|Maruho（皮肤科制药）|マルホ株式会社|皮肤科专科制药企业，覆盖研发、制造及药品信息服务。
Medinet Co Ltd|Medinet（细胞加工与CDMO）|株式会社メディネット|提供细胞加工CMO及再生医疗和临床试验产品CDMO服务。
Medipreneur Co Ltd|Medipreneur（脂肪干细胞技术）|株式会社メディプレナー|研发人脂肪来源干细胞相关再生医疗技术。
Meiji Holdings Co Ltd|明治控股|明治ホールディングス株式会社|集团控股公司，旗下业务与母公司行动区分。
MeSCue-Janusys Inc|MeSCue-Janusys（肽药物发现）||开展肽类药物发现研究。
Metabologenomics Inc|Metagen（肠道环境研究）||研究肠道环境及其健康相关功能。
Metcela Inc|Metcela（心脏细胞治疗）||开发儿童先天性心脏病自体细胞治疗JRM-001和成人心衰治疗MTC001。
Ministry of Economy, Trade and Industry, Japan|日本经济产业省|経済産業省|政府部门，不作为药企或成交客户理解。
MiraBiologics Inc|MiraBiologics（多功能生物药）||东京大学和大阪大学衍生企业，开发多功能生物医药。
Mitsubishi Chemical Group Corp|三菱化学集团||综合化学集团，生命科学相关动态与其他产业动态分开。
Miyarisan Pharmaceutical Company Ltd|Miyarisan制药|ミヤリサン製薬株式会社|研发、生产和销售使用宫入菌等有用细菌的产品。
Modalis Therapeutics Corp|Modalis（遗传病治疗）||利用CRISPR-GNDM平台开发遗传性疾病治疗。
Molcure Inc|Molcure（AI药物发现）||结合机器学习、生物技术与机器人技术加速药物发现。
Momotaro-Gene Inc|Momotaro-Gene（癌症药物研发）||开展癌症药物研发；公开管线新闻涉及用于恶性胶质瘤的Ad-SGE-REIC临床研究。
Nagasaki University|长崎大学|長崎大学|开展教育与研究的大学。
Nagasaki University Hospital|长崎大学医院|長崎大学病院|大学附属医疗机构。
Nagoya University|名古屋大学|名古屋大学|综合大学，开展研究、教育及产学合作。
Nagoya University Hospital|名古屋大学附属医院|名古屋大学医学部附属病院|大学附属医院，与大学本体分开保留。
National Cancer Center Hospital|日本国立癌症研究中心医院|国立がん研究センター中央病院|癌症专科医院；学术论文网站不作为医院官网。
National Cancer Center Japan|日本国立癌症研究中心|国立がん研究センター|癌症研究与医疗机构；医院及衍生企业分别保留。
National Center for Child Health and Development|日本国立成育医疗研究中心|国立成育医療研究センター|面向儿童及孕产妇提供医疗，并开展相关研究。
National Center for Global Health and Medicine|日本国立国际医疗研究中心（历史主体）|国立国際医療研究センター|2025年与NIID整合成立JIHS；历史主体不直接替换成新机构。
National Cerebral and Cardiovascular Center|日本国立循环器病研究中心|国立循環器病研究センター|围绕循环系统疾病开展预防、诊断、治疗及基础研究。
National Institute of Infectious Diseases|日本国立感染症研究所（历史主体）|国立感染症研究所|2025年与NCGM整合成立JIHS；保留原机构历史档案。
NB Health Laboratory Co Ltd|NB健康研究所|株式会社エヌビィー健康研究所|开发呼吸系统疾病、慢性炎症及中枢神经相关创新药物。
NC Medical Research Inc|NC Medical Research（神经再生）||探索利用人体自愈能力，修复脑梗死等引起的神经损伤。
NEC Corp|日本电气||提供AI、信息技术与网络安全等技术的企业；不推断医药客户关系。
Neo-Precision Therapeutics Co Ltd|NPT（精准治疗开发）|株式会社NPT|开展面向个体化医疗的新药和治疗方法临床开发。
Nexuspiral Inc|Nexuspiral（基因组编辑）|Nexuspiral株式会社|开发基于寡核酸的PODiR基因组编辑技术；官方历史政府资料可追溯。
Nichi-Iko Pharmaceutical Co Ltd|日医工|日医工株式会社|仿制药企业，质量、生产及药品动态沿用现有监测档案。
Nihon University|日本大学|日本大学|综合大学，开展教育与研究。
Niigata University|新潟大学|新潟大学|大学主体保留；官网本轮请求超时不等于机构无官网。
Nippon Medical School Hospital|日本医科大学附属医院|日本医科大学付属病院|大学附属医疗机构。
Nobelpharma Co Ltd|Nobelpharma|ノーベルファーマ株式会社|日本制药企业，不再以美国子公司首页替代日本本体官网。
Noile-Immune Biotech Inc|Noile-Immune（癌症免疫治疗）|ノイルイミューン・バイオテック株式会社|日本国立癌症研究中心衍生企业，专注癌症免疫疗法。
Nxera Pharma Co Ltd|Nxera Pharma||投资科学和技术，开发创新药物。
Okayama University|冈山大学|岡山大学|综合大学，开展教育与研究。
Oligogen Inc|Oligogen（神经再生）|株式会社オリゴジェン|探索神经疾病的再生医疗。
Oncolys BioPharma Inc|Oncolys（抗癌药物）|オンコリスバイオファーマ株式会社|开发抗癌药物OBP-301（Telomelysin）。
OncoTherapy Science Inc|OncoTherapy Science（癌症治疗研发）|オンコセラピー・サイエンス株式会社|基于癌症基因表达信息开发分子靶向药、抗体药物与肽疫苗；TCR/BCR等解析服务由子公司CPM运营。
Ono Pharmaceutical Co Ltd|小野药品工业|小野薬品工業株式会社|在医疗需求较高的领域开发创新药物。
ONODERA GT Pharma Co Ltd|ONODERA GT Pharma（基因治疗）||开发基因治疗，官网介绍ALS、帕金森病等方向。
Onodera Medical Co Ltd|ONODERA医疗|株式会社ONODERAメディカル|提供细胞加工受托制造、再生医疗咨询及细胞培养研发。
ONSSI Co Ltd|ONSSI（基因与抗体药物）|ONSSI株式会社|开发基因治疗与抗体药物，并研发医药研究相关试剂。
Optieum Biotechnologies Inc|Optieum（CAR-T治疗）||利用Eumbody系统研发CAR-T细胞治疗，官网介绍面向实体瘤微环境的FAPα靶向项目。
ORBIO Corp|ORBIO（L-葡萄糖肿瘤治疗）||探索基于L-葡萄糖的癌症治疗技术。
Orizuru Therapeutics Inc|Orizuru（iPS与再生医疗）|オリヅルセラピューティクス株式会社|开发细胞移植再生医疗产品，并利用iPS技术支持药物发现与再生医疗研究。
Osaka City University|大阪市立大学（历史主体）|大阪市立大学|2022年与大阪府立大学整合为大阪公立大学；历史名称和新闻保留。
Osaka University|大阪大学|大阪大学|综合大学，开展教育与研究。
Otsuka Holdings Co Ltd|大冢控股|大塚ホールディングス株式会社|集团控股公司，旗下制药企业与母公司分别保留。
PancTherapy Inc|PancTherapy（胰腺癌治疗与诊断）|パンクセラピー株式会社|开发胰腺癌治疗药物及诊断产品。
PeptiAID Inc|PeptiAID||由公开合作资料确认主体，尚未找到独立官网与独立品牌图片。
PeptiDream Inc|PeptiDream（肽类药物研发）|ペプチドリーム株式会社|保留既有肽类药物研发、合作与制造监测档案。
Periotherapia Co Ltd|Periotherapia（periostin靶向药物）||研发针对病理性骨膜蛋白的药物，关注HER2阴性乳腺癌等难治疾病。
Perseus Proteomics Inc|Perseus（抗体药物与研究试剂）|株式会社ペルセウスプロテオミクス|开发抗体药物，并提供抗体研究支持及抗体、试剂销售。
PharmaBio Corp|PharmaBio（再生医疗CDMO）|ファーマバイオ株式会社|提供再生医疗产品制造开发受托服务，同时开展新药开发。
PhotoQ3 Inc|PhotoQ3（抗体光治疗与试剂）|株式会社PhotoQ3|开发iTAP靶向抗体光治疗，提供科研用saporin及抗His-tag抗体。
PrimRNA Inc|PrimRNA（mRNA医药）|株式会社PrimRNA|NANO MRNA全资子公司，研发和制造mRNA医药；不使用母公司Logo冒充自身品牌。
Protein Immuno-Engineering Laboratories Inc|蛋白免疫工程研究所||旧官网无法访问，主体与业务说明需补可靠依据。
Purec Co Ltd|Purec||岛根大学衍生企业，具体业务以官方介绍为准。
Rainbow Inc|Rainbow（自体MSC脑再生治疗）|株式会社RAINBOW|利用患者自身骨髓来源MSC开发脑再生医疗产品。
Rebirthel Co Ltd|Rebirthel（再生T细胞）|リバーセル株式会社|研发可即用的再生T细胞制剂，探索癌症、感染和自身免疫疾病治疗。
Red Arrow Therapeutics Co Ltd|Red Arrow（纳米聚合物递送）||利用纳米聚合物药物递送平台开发肿瘤治疗，关注生物药定向释放。
ReEir Co Ltd|ReEir（血液来源细胞治疗）|株式会社リィエイル|大学衍生企业，开发可通过采血获得细胞的再生医疗与细胞治疗。
Regcell Co Ltd|RegCell（免疫调控）||研发免疫系统调控技术，探索自身免疫疾病和癌症治疗。
Rege Nephro Co Ltd|Rege Nephro（肾脏疾病治疗）||研发肾脏疾病治疗解决方案。
Regene4T Inc|Regene4T（再生医疗）|リジェネフォーティー株式会社|建立NEcST细胞，探索脊髓损伤等再生医疗应用。
ReproCELL Inc|ReproCELL（干细胞与药物发现）|株式会社リプロセル|提供干细胞和药物发现相关解决方案，支持治疗研发。
ReqMed Co Ltd|ReqMed|株式会社レクメド|官网列有医药开发、医药销售和咨询业务。
Restore Vision Co Ltd|Restore Vision（视力恢复基因治疗）||日本企业，开发视力恢复基因治疗。
Revolka Ltd|Revolka（AI蛋白工程）|株式会社レボルカ|以蛋白工程与机器学习结合的aiProtein技术开发生物药，改进抗体、酶等蛋白的功能与结构稳定性。
RIKEN|理化学研究所|理化学研究所|覆盖物理、化学、工程、信息、生物与医学等领域的综合自然科学研究机构。
Rin Institute Inc|RIN Institute（抗癌抗体药物）||国立癌症研究中心衍生企业，研发治疗及诊断用抗癌抗体，开展ADC等项目。
Rohto Pharmaceutical Co Ltd|乐敦制药|ロート製薬株式会社|制药企业，品牌产品页与公司本体官网区分。
SanBio Co Ltd|SanBio（神经再生医疗）|株式会社サンバイオ|开发神经系统疾病相关再生细胞医药。
Santen Pharmaceutical China Co Ltd|参天制药（中国）||眼科药物企业的中国主体；集团标识不证明特定法人采购关系。
Secom Co Ltd|SECOM（安保与综合服务）|セコム株式会社|安保及综合服务集团，不将所有集团动态当作生命科学新闻。
Senju Pharmaceutical Co Ltd|千寿制药|千寿製薬株式会社|研发眼科药物的制药企业。
Seta Medical Clinic|Seta Medical Clinic（主体待确认）||旧映射为世田谷区瀬田診療所，与免疫治疗机构瀬田クリニック的对应关系未确认，不混用两者的资料。
Shiga University of Medical Science|滋贺医科大学|滋賀医科大学|医学教育与研究机构。
Shimane University|岛根大学|島根大学|综合大学，包括医学等学科。
Shinshu University|信州大学|信州大学|综合大学，包含医学、理学、工学等学科。
Shionogi & Co Ltd|盐野义制药|塩野義製薬株式会社|研发和提供医药产品的制药企业。
Shizuoka Cancer Center|静冈癌症中心|静岡がんセンター|癌症医疗与研究机构。
St. Marianna University School of Medicine|圣玛丽安娜医科大学|聖マリアンナ医科大学|医学教育与研究机构。
STAND Therapeutics|STAND（细胞内抗体开发）|STAND Therapeutics株式会社|利用稳定细胞内抗体技术开展药物发现、合作开发及研究用试剂支持。
Stem Cell & Device Laboratory Inc|干细胞与器械研究所|株式会社幹細胞＆デバイス研究所|提供干细胞应用技术，开发用于药物发现实验的细胞与组织产品。
StemRIM Inc|StemRIM（再生诱导医疗）|株式会社ステムリム|开发再生诱导医疗及基因治疗相关技术。
Sumitomo Chemical Co Ltd|住友化学|住友化学株式会社|综合化学企业，医疗相关业务与其他产业动态区分。
Surv BioPharma Inc|Surv BioPharma（溶瘤病毒）|サーブ・バイオファーマ株式会社|开发溶瘤病毒等创新药物，官网介绍Surv.m-CRA系列项目。
Sysmex Corp|希森美康|シスメックス株式会社|提供诊断仪器、试剂和软件。
T Cell Nouveau Inc|T Cell Nouveau（T细胞疗法）|ティーセルヌーヴォー株式会社|开发面向实体瘤的TCR-like CAR-T细胞治疗。
Takara Holdings Inc|宝控股|宝ホールディングス株式会社|旗下包括宝酒造与Takara Bio的控股公司，不与Takara Bio竞品品牌合并。
Tanabe Pharma Corp|田边制药|田辺ファーマ株式会社|研发创新医药的制药企业。
Teijin Ltd|帝人|帝人株式会社|涵盖材料、医疗健康和纤维产品的企业集团。
Teikyo Heisei University|帝京平成大学|帝京平成大学|开展教育与研究的大学。
tella Inc|tella（历史主体）|テラ株式会社|2022年破产程序开始并退市；旧域名现已不对应原企业，保留历史记录。
The Tokyo Metropolitan Institute of Medical Science|东京都医学综合研究所|東京都医学総合研究所|综合医学研究机构，开展医学研究及成果推广。
TNAX Biopharma Corp|TNAX Biopharma（免疫受体抗体药物）||基于免疫受体和配体研究开发抗体治疗，关注炎症及难治性疾病。
Tohoku University|东北大学|東北大学|综合研究型大学，位于仙台。
Tokushima University|德岛大学|徳島大学|开展教育与研究的大学。
Tokyo University of Agriculture and Technology|东京农工大学|東京農工大学|开展农业、工程及相关领域教育与研究的大学。
Tokyo University of Science|东京理科大学|東京理科大学|开展教育与研究的大学。
Toray Industries Inc|东丽|東レ株式会社|综合材料与技术企业，保留医疗健康相关观察范围。
Toregem BioPharma Co Ltd|Toregem（牙齿再生治疗）|トレジェムバイオファーマ株式会社|京都大学衍生企业，研发牙齿再生治疗药物。
Two Cells Co Ltd|Two Cells（MSC再生医疗）|株式会社ツーセル|开展基于间充质干细胞的再生医疗及培养基业务。
United Immunity Co Ltd|United Immunity（髓系细胞靶向递送）|ユナイテッド・イミュニティ株式会社|结合免疫疗法和纳米颗粒技术，开发靶向髓系细胞的体内细胞治疗及核酸递送平台。
University of Fukui Hospital|福井大学附属医院|福井大学医学部附属病院|大学附属医院，开展医疗研究、开发及临床实践。
University of Tokyo|东京大学|東京大学|综合研究型大学。
University Of Toyama|富山大学|富山大学|开展教育、研究及产学合作的大学。
University of Tsukuba|筑波大学|筑波大学|综合大学，开展教育、研究及产学合作。
VCCT Inc|VC Cell Therapy（视网膜再生医疗）|株式会社VC Cell Therapy|开发视网膜疾病的再生医疗，包括iPS细胞来源RPE细胞治疗；保留目录旧名称VCCT。
Veneno Technologies Co Ltd|Veneno（天然肽技术）||利用自然进化形成的肽，探索医疗与生物技术应用。
Wakunaga Pharmaceutical Co Ltd|涌永制药|湧永製薬株式会社|提供OTC医药品及健康产品，主要品牌包括Leopin滋补强身制剂与Kyolic熟成大蒜补充剂。
Yamaguchi University|山口大学|山口大学|开展教育与研究的大学。
Yokohama City University|横滨市立大学|横浜市立大学|设有教学机构和附属医院的综合大学。
